開獎日期,期別,獎號1,獎號2,獎號3,獎號4,獎號5,獎號6,特別號
2026-03-31,115000040,5,11,25,40,45,47,39
2026-03-27,115000039,4,8,23,26,29,36,38
2026-03-24,115000038,14,33,41,42,44,48,47
2026-03-20,115000037,11,15,33,38,41,43,21
2026-03-17,115000036,2,6,10,22,40,45,17
2026-03-13,115000035,5,12,13,38,47,48,3
2026-03-10,115000034,5,11,29,37,43,47,10
2026-03-06,115000033,9,11,12,14,23,25,42
2026-03-03,115000032,5,26,27,35,45,46,37
2026-03-02,115000031,19,25,27,28,33,39,37
2026-03-01,115000030,4,7,34,40,44,49,37
2026-02-28,115000029,17,23,30,37,39,49,43
2026-02-27,115000028,14,18,19,34,45,47,48
2026-02-26,115000027,1,16,22,24,47,48,7
2026-02-25,115000026,7,15,22,38,45,49,31
2026-02-24,115000025,12,19,22,27,28,31,45
2026-02-23,115000024,6,10,23,27,47,48,30
2026-02-22,115000023,5,7,17,22,24,47,20
2026-02-21,115000022,12,13,17,27,41,48,46
2026-02-20,115000021,13,15,18,24,33,49,10
2026-02-19,115000020,20,28,29,31,35,41,6
2026-02-18,115000019,16,35,36,37,39,49,45
2026-02-17,115000018,6,12,24,26,37,46,36
2026-02-16,115000017,11,16,18,27,38,46,43
2026-02-15,115000016,3,6,11,18,25,28,35
2026-02-14,115000015,1,11,22,35,36,40,28
2026-02-13,115000014,9,20,25,35,39,48,47
2026-02-12,115000013,1,3,8,15,20,48,46
2026-02-10,115000012,6,16,20,21,24,35,13
2026-02-06,115000011,4,12,24,25,39,48,9
2026-02-03,115000010,6,14,32,33,39,43,13
2026-01-30,115000009,9,13,27,31,32,39,19
2026-01-27,115000008,4,11,24,25,29,30,8
2026-01-23,115000007,21,23,32,36,39,43,12
2026-01-20,115000006,2,7,26,41,44,45,46
2026-01-16,115000005,9,10,21,22,25,36,20
2026-01-13,115000004,2,10,18,19,39,49,24
2026-01-09,115000003,1,7,13,14,34,45,8
2026-01-06,115000002,2,23,33,38,39,45,6
2026-01-02,115000001,3,7,16,19,40,42,12
2025-12-30,114000118,5,10,15,20,24,29,34
2025-12-26,114000117,5,7,9,14,17,30,47
2025-12-23,114000116,1,3,12,33,39,41,29
2025-12-19,114000115,6,8,11,12,18,46,37
2025-12-16,114000114,6,7,15,19,24,33,46
2025-12-12,114000113,15,17,24,26,40,47,33
2025-12-09,114000112,5,10,18,26,28,44,48
2025-12-05,114000111,8,15,23,24,41,47,2
2025-12-02,114000110,14,20,32,35,42,48,28
2025-11-28,114000109,8,12,18,28,37,46,34
2025-11-25,114000108,2,10,12,20,23,24,28
2025-11-21,114000107,14,20,21,28,31,46,37
2025-11-18,114000106,8,9,10,23,24,43,45
2025-11-14,114000105,21,25,26,38,41,46,4
2025-11-11,114000104,11,16,24,42,44,47,32
2025-11-07,114000103,4,11,22,32,33,41,43
2025-11-04,114000102,16,25,27,35,47,48,14
2025-10-31,114000101,3,4,7,10,18,21,15
2025-10-28,114000100,5,8,11,12,18,39,37
2025-10-24,114000099,13,22,23,33,39,40,31
2025-10-21,114000098,14,20,25,42,44,49,12
2025-10-17,114000097,3,15,16,31,32,45,42
2025-10-14,114000096,11,16,20,31,39,41,6
2025-10-10,114000095,13,16,18,22,39,42,30
2025-10-07,114000094,2,9,16,34,42,43,33
2025-10-03,114000093,4,18,36,40,41,43,29
2025-09-30,114000092,19,20,22,32,36,42,35
2025-09-26,114000091,1,2,25,29,41,49,35
2025-09-23,114000090,5,14,22,25,27,45,3
2025-09-19,114000089,14,17,26,36,38,41,8
2025-09-16,114000088,7,17,18,22,25,47,38
2025-09-12,114000087,2,3,4,11,15,41,26
2025-09-09,114000086,12,20,25,26,40,45,34
2025-09-05,114000085,10,13,14,17,19,29,40
2025-09-02,114000084,2,6,9,19,20,30,25
2025-08-29,114000083,13,20,25,27,28,32,2
2025-08-26,114000082,3,6,22,32,35,39,27
2025-08-22,114000081,23,33,38,43,45,47,36
2025-08-19,114000080,2,23,25,33,41,46,22
2025-08-15,114000079,3,5,7,15,17,47,34
2025-08-12,114000078,6,7,15,22,37,42,36
2025-08-08,114000077,11,16,17,21,24,29,34
2025-08-05,114000076,1,20,34,36,37,40,3
2025-08-01,114000075,4,14,19,28,40,41,31
2025-07-29,114000074,2,5,14,19,36,45,43
2025-07-25,114000073,2,4,23,35,41,47,6
2025-07-22,114000072,5,17,19,26,27,39,10
2025-07-18,114000071,2,25,36,37,38,46,24
2025-07-15,114000070,32,33,41,45,46,49,10
2025-07-11,114000069,15,16,26,34,48,49,46
2025-07-08,114000068,6,8,12,14,25,35,49
2025-07-04,114000067,5,13,15,18,33,37,45
2025-07-01,114000066,8,9,21,25,33,34,2
2025-06-27,114000065,4,8,9,14,21,39,37
2025-06-24,114000064,3,8,20,37,45,49,21
2025-06-20,114000063,4,20,31,40,42,48,24
2025-06-17,114000062,13,20,21,26,31,44,28
2025-06-13,114000061,1,2,10,13,20,27,49
2025-06-10,114000060,3,5,12,16,22,48,30
2025-06-06,114000059,11,13,15,39,42,46,28
2025-06-03,114000058,9,24,32,40,41,49,27
2025-05-30,114000057,3,4,13,21,38,46,2
2025-05-27,114000056,16,17,26,29,32,40,10
2025-05-23,114000055,1,7,11,24,44,48,10
2025-05-20,114000054,2,11,15,26,29,48,31
2025-05-16,114000053,13,16,22,23,34,39,14
2025-05-13,114000052,1,23,29,41,45,49,24
2025-05-09,114000051,15,27,33,42,48,49,39
2025-05-06,114000050,5,8,9,25,30,45,31
2025-05-02,114000049,2,5,39,43,45,47,26
2025-04-29,114000048,7,11,24,26,30,42,37
2025-04-25,114000047,20,21,24,25,31,35,28
2025-04-22,114000046,1,6,14,19,35,49,8
2025-04-18,114000045,2,8,15,22,29,45,9
2025-04-15,114000044,18,28,37,41,43,46,11
2025-04-11,114000043,6,10,11,17,23,32,27
2025-04-08,114000042,10,26,33,39,45,46,19
2025-04-04,114000041,7,20,29,40,43,47,28
2025-04-01,114000040,4,16,18,29,35,37,33
2025-03-28,114000039,1,7,11,15,27,30,42
2025-03-25,114000038,17,24,40,41,46,48,27
2025-03-21,114000037,13,25,29,40,46,47,22
2025-03-18,114000036,7,8,13,17,29,36,18
2025-03-14,114000035,6,7,13,17,21,23,48
2025-03-11,114000034,2,18,25,37,38,47,42
2025-03-07,114000033,5,7,26,30,40,48,8
2025-03-04,114000032,7,21,31,36,46,47,8
2025-02-28,114000031,7,19,25,26,38,39,4
2025-02-25,114000030,13,15,24,37,38,43,44
2025-02-21,114000029,2,7,27,30,38,49,6
2025-02-18,114000028,5,9,10,31,35,37,30
2025-02-14,114000027,8,11,14,29,33,45,34
2025-02-12,114000026,12,30,31,37,47,49,38
2025-02-11,114000025,7,19,25,27,34,35,12
2025-02-10,114000024,1,18,28,34,35,43,24
2025-02-09,114000023,4,6,13,14,22,25,35
2025-02-08,114000022,3,6,23,26,40,43,2
2025-02-07,114000021,14,22,25,44,46,49,16
2025-02-06,114000020,2,5,18,19,42,45,11
2025-02-05,114000019,3,6,13,32,33,41,44
2025-02-04,114000018,15,17,21,26,30,47,48
2025-02-03,114000017,7,20,29,32,33,39,47
2025-02-02,114000016,10,16,25,28,33,37,13
2025-02-01,114000015,2,9,10,18,39,40,8
2025-01-31,114000014,7,11,13,23,39,42,15
2025-01-30,114000013,5,8,27,29,30,48,35
2025-01-29,114000012,15,17,22,26,32,42,12
2025-01-28,114000011,4,8,20,26,31,34,16
2025-01-27,114000010,11,22,30,35,37,38,33
2025-01-26,114000009,7,12,16,31,40,43,34
2025-01-25,114000008,2,3,10,12,34,40,41
2025-01-24,114000007,6,22,23,30,36,37,13
2025-01-21,114000006,6,21,35,36,38,42,22
2025-01-17,114000005,11,18,32,39,44,49,46
2025-01-14,114000004,1,3,13,15,37,48,42
2025-01-10,114000003,14,29,35,36,37,49,40
2025-01-07,114000002,1,8,20,26,29,35,19
2025-01-03,114000001,6,9,15,29,30,48,23
2024-12-31,113000118,10,25,34,35,42,48,21
2024-12-27,113000117,21,26,28,30,32,34,40
2024-12-24,113000116,5,9,10,29,35,48,13
2024-12-20,113000115,3,8,18,26,40,46,22
2024-12-17,113000114,8,10,22,24,31,34,44
2024-12-13,113000113,7,11,28,29,38,39,33
2024-12-10,113000112,1,5,8,26,47,49,38
2024-12-06,113000111,9,15,18,33,44,47,28
2024-12-03,113000110,5,6,7,12,17,35,45
2024-11-29,113000109,13,20,28,32,38,49,46
2024-11-26,113000108,11,40,42,45,47,49,27
2024-11-22,113000107,14,16,22,33,36,48,3
2024-11-19,113000106,5,7,11,22,25,44,13
2024-11-15,113000105,24,25,30,36,41,43,21
2024-11-12,113000104,11,25,26,33,34,41,27
2024-11-08,113000103,1,11,42,46,47,49,7
2024-11-05,113000102,4,17,21,30,41,49,48
2024-11-01,113000101,6,10,23,27,34,47,22
2024-10-29,113000100,19,26,36,38,39,49,16
2024-10-25,113000099,7,19,25,35,36,38,42
2024-10-22,113000098,2,24,29,30,38,49,47
2024-10-18,113000097,14,20,26,43,45,49,7
2024-10-15,113000096,5,10,13,28,39,41,49
2024-10-11,113000095,7,9,12,21,26,32,27
2024-10-08,113000094,3,5,7,31,33,45,19
2024-10-04,113000093,12,17,19,27,38,42,40
2024-10-01,113000092,10,12,13,19,27,33,30
2024-09-27,113000091,2,3,5,21,45,49,47
2024-09-24,113000090,5,13,14,16,37,48,39
2024-09-20,113000089,4,8,18,30,35,49,11
2024-09-17,113000088,26,34,35,40,44,46,32
2024-09-13,113000087,13,17,26,39,43,48,3
2024-09-10,113000086,6,14,16,25,35,38,31
2024-09-06,113000085,9,15,17,38,45,49,47
2024-09-03,113000084,5,22,25,27,36,41,11
2024-08-30,113000083,2,17,25,29,32,38,24
2024-08-27,113000082,12,22,24,38,40,46,21
2024-08-23,113000081,16,20,32,34,37,43,17
2024-08-20,113000080,12,13,18,28,39,49,2
2024-08-16,113000079,4,6,14,31,44,45,1
2024-08-13,113000078,2,28,30,37,40,48,8
2024-08-09,113000077,14,20,27,42,44,47,40
2024-08-06,113000076,20,27,31,33,38,46,23
2024-08-02,113000075,2,4,5,15,20,33,25
2024-07-30,113000074,5,15,24,35,46,48,17
2024-07-26,113000073,6,19,23,35,41,46,8
2024-07-23,113000072,3,6,10,23,33,35,24
2024-07-19,113000071,11,13,25,28,33,40,31
2024-07-16,113000070,4,12,22,29,36,47,15
2024-07-12,113000069,2,13,19,33,46,49,23
2024-07-09,113000068,15,18,19,31,39,40,25
2024-07-05,113000067,2,11,20,25,37,49,42
2024-07-02,113000066,1,33,38,39,41,45,46
2024-06-28,113000065,10,11,25,31,36,41,27
2024-06-25,113000064,6,8,12,29,41,48,14
2024-06-21,113000063,2,17,31,42,44,46,10
2024-06-18,113000062,6,24,31,35,36,42,18
2024-06-14,113000061,1,7,9,18,36,47,32
2024-06-11,113000060,7,10,12,27,36,46,18
2024-06-07,113000059,19,24,29,36,37,43,17
2024-06-04,113000058,7,30,33,34,35,46,49
2024-05-31,113000057,8,14,16,19,23,32,49
2024-05-28,113000056,12,17,18,21,33,37,9
2024-05-24,113000055,4,23,24,28,30,40,41
2024-05-21,113000054,1,30,34,35,38,42,15
2024-05-17,113000053,15,33,34,40,41,49,27
2024-05-14,113000052,6,7,10,25,32,43,33
2024-05-10,113000051,15,19,30,35,38,41,25
2024-05-07,113000050,7,9,15,28,30,33,26
2024-05-03,113000049,6,11,12,22,34,39,42
2024-04-30,113000048,3,9,13,22,33,43,14
2024-04-26,113000047,13,21,22,26,33,34,35
2024-04-23,113000046,13,14,17,32,33,36,31
2024-04-19,113000045,7,10,16,22,31,46,42
2024-04-16,113000044,5,8,17,33,35,40,10
2024-04-12,113000043,3,5,12,15,17,39,24
2024-04-09,113000042,3,16,17,19,22,26,1
2024-04-05,113000041,4,31,35,38,40,48,18
2024-04-02,113000040,27,32,38,39,46,49,24
2024-03-29,113000039,2,3,13,15,43,48,1
2024-03-26,113000038,6,19,21,29,32,46,11
2024-03-22,113000037,4,16,38,40,41,48,35
2024-03-19,113000036,8,14,19,20,21,36,28
2024-03-15,113000035,8,18,33,37,40,43,31
2024-03-12,113000034,3,13,22,27,45,49,17
2024-03-08,113000033,7,26,27,29,36,40,32
2024-03-05,113000032,10,15,21,24,26,38,37
2024-03-01,113000031,1,29,30,39,46,47,17
2024-02-27,113000030,7,15,17,29,41,42,28
2024-02-24,113000029,8,15,21,27,46,48,31
2024-02-23,113000028,3,8,9,21,34,49,22
2024-02-22,113000027,9,11,18,31,39,46,5
2024-02-21,113000026,13,21,25,27,31,43,47
2024-02-20,113000025,6,8,17,27,34,46,25
2024-02-19,113000024,2,10,17,32,38,48,8
2024-02-18,113000023,6,12,24,32,36,44,45
2024-02-17,113000022,4,5,20,27,32,40,6
2024-02-16,113000021,19,24,33,42,43,45,16
2024-02-15,113000020,4,8,18,19,20,33,3
2024-02-14,113000019,7,12,19,26,32,39,44
2024-02-13,113000018,2,3,6,39,44,47,34
2024-02-12,113000017,16,22,37,46,47,49,4
2024-02-11,113000016,11,13,23,29,44,45,27
2024-02-10,113000015,5,6,11,13,28,34,4
2024-02-09,113000014,3,7,16,20,25,30,37
2024-02-08,113000013,5,8,25,31,39,47,22
2024-02-07,113000012,20,22,31,34,35,37,7
2024-02-06,113000011,14,19,23,26,34,40,5
2024-02-02,113000010,5,9,25,35,38,39,24
2024-01-30,113000009,7,19,30,38,40,45,27
2024-01-26,113000008,2,11,20,34,46,47,40
2024-01-23,113000007,2,14,17,26,27,47,4
2024-01-19,113000006,1,3,7,19,31,46,40
2024-01-16,113000005,1,3,20,21,36,40,44
2024-01-12,113000004,4,25,29,38,42,46,6
2024-01-09,113000003,12,29,31,37,44,49,3
2024-01-05,113000002,2,20,23,30,35,47,40
2024-01-02,113000001,4,14,18,21,36,38,1
2023-12-29,112000116,1,11,23,31,39,46,17
2023-12-26,112000115,8,19,28,29,30,46,10
2023-12-22,112000114,8,9,20,34,35,49,40
2023-12-19,112000113,14,18,20,26,38,48,2
2023-12-15,112000112,1,9,22,28,33,39,7
2023-12-12,112000111,6,20,30,33,38,46,16
2023-12-08,112000110,5,8,22,27,28,29,16
2023-12-05,112000109,10,14,30,38,42,48,37
2023-12-01,112000108,4,15,18,23,40,47,42
2023-11-28,112000107,12,18,23,27,33,44,39
2023-11-24,112000106,9,16,20,42,43,48,2
2023-11-21,112000105,16,21,26,30,37,47,31
2023-11-17,112000104,15,30,31,34,40,45,47
2023-11-14,112000103,6,12,15,30,38,43,41
2023-11-10,112000102,2,4,6,8,11,31,26
2023-11-07,112000101,7,8,21,41,44,47,13
2023-11-03,112000100,8,20,24,28,40,48,3
2023-10-31,112000099,2,10,18,36,42,47,24
2023-10-27,112000098,6,15,22,27,28,31,24
2023-10-24,112000097,7,29,34,41,43,49,22
2023-10-20,112000096,32,37,38,39,40,44,24
2023-10-17,112000095,5,12,13,20,24,34,27
2023-10-13,112000094,1,9,13,14,28,30,31
2023-10-10,112000093,3,8,17,33,34,48,11
2023-10-06,112000092,6,16,21,27,30,49,26
2023-10-03,112000091,3,22,29,31,40,44,48
2023-09-29,112000090,6,9,18,35,38,48,25
2023-09-26,112000089,9,14,26,37,38,39,8
2023-09-22,112000088,2,13,32,36,38,43,34
2023-09-19,112000087,3,16,24,35,37,41,27
2023-09-15,112000086,12,16,19,30,37,39,14
2023-09-12,112000085,21,22,26,33,34,35,46
2023-09-08,112000084,14,20,23,33,34,40,24
2023-09-05,112000083,12,14,32,34,40,48,39
2023-09-01,112000082,1,19,26,34,45,49,37
2023-08-29,112000081,6,7,10,22,41,42,31
2023-08-25,112000080,2,10,20,31,33,46,24
2023-08-22,112000079,2,19,26,34,43,46,31
2023-08-18,112000078,13,19,21,24,41,45,44
2023-08-15,112000077,10,22,26,30,34,43,41
2023-08-11,112000076,8,27,34,38,39,47,30
2023-08-08,112000075,11,26,28,30,41,45,22
2023-08-04,112000074,6,10,21,34,38,41,47
2023-08-01,112000073,11,26,37,38,40,41,28
2023-07-28,112000072,1,3,22,25,34,44,32
2023-07-25,112000071,12,17,28,33,40,45,39
2023-07-21,112000070,3,15,35,39,41,49,38
2023-07-18,112000069,4,5,16,19,34,40,10
2023-07-14,112000068,10,15,17,33,34,45,36
2023-07-11,112000067,10,21,26,34,48,49,39
2023-07-07,112000066,3,6,15,21,24,33,14
2023-07-04,112000065,6,12,15,16,24,41,21
2023-06-30,112000064,6,22,26,29,32,43,38
2023-06-27,112000063,13,24,30,37,43,44,4
2023-06-23,112000062,4,8,23,31,42,49,16
2023-06-20,112000061,5,15,32,34,37,41,11
2023-06-16,112000060,2,21,22,30,33,41,42
2023-06-13,112000059,1,6,8,9,10,21,2
2023-06-09,112000058,30,32,36,38,46,49,26
2023-06-06,112000057,8,13,27,30,41,43,18
2023-06-02,112000056,1,5,13,16,23,34,49
2023-05-30,112000055,5,6,9,29,43,45,27
2023-05-26,112000054,5,10,12,15,30,36,26
2023-05-23,112000053,5,20,23,38,44,46,33
2023-05-19,112000052,5,8,9,35,38,44,31
2023-05-16,112000051,1,19,26,34,38,43,48
2023-05-12,112000050,2,7,9,18,20,48,14
2023-05-09,112000049,1,21,22,29,31,44,3
2023-05-05,112000048,10,13,16,19,21,48,30
2023-05-02,112000047,8,9,14,37,42,46,10
2023-04-28,112000046,5,31,38,41,43,47,28
2023-04-25,112000045,5,12,13,27,28,41,37
2023-04-21,112000044,7,11,23,25,27,43,5
2023-04-18,112000043,6,8,10,28,41,43,45
2023-04-14,112000042,10,22,23,35,46,49,2
2023-04-11,112000041,9,12,30,31,33,37,25
2023-04-07,112000040,4,11,20,25,32,39,30
2023-04-04,112000039,10,19,21,33,35,47,9
2023-03-31,112000038,10,22,26,29,45,47,41
2023-03-28,112000037,3,10,26,35,37,44,15
2023-03-24,112000036,2,14,26,34,40,46,13
2023-03-21,112000035,3,11,20,30,41,45,28
2023-03-17,112000034,6,7,10,24,29,40,16
2023-03-14,112000033,3,4,11,12,20,37,5
2023-03-10,112000032,15,19,29,32,39,40,35
2023-03-07,112000031,13,17,23,25,32,41,16
2023-03-03,112000030,13,16,18,22,34,42,14
2023-02-28,112000029,2,11,25,26,27,35,10
2023-02-24,112000028,15,38,39,40,45,48,2
2023-02-21,112000027,1,5,6,11,26,46,41
2023-02-17,112000026,7,9,14,16,26,33,27
2023-02-14,112000025,11,22,23,30,31,49,14
2023-02-10,112000024,7,11,24,28,33,46,3
2023-02-07,112000023,3,8,11,18,28,47,5
2023-02-05,112000022,5,19,25,33,38,42,41
2023-02-04,112000021,2,14,20,21,22,49,38
2023-02-03,112000020,3,14,25,29,44,45,46
2023-02-02,112000019,8,13,19,21,31,45,37
2023-02-01,112000018,5,8,19,23,33,46,48
2023-01-31,112000017,1,26,33,36,40,42,37
2023-01-30,112000016,7,18,23,39,41,43,25
2023-01-29,112000015,2,8,9,15,27,31,42
2023-01-28,112000014,1,19,23,30,35,48,45
2023-01-27,112000013,4,13,28,33,38,39,42
2023-01-26,112000012,10,12,13,21,40,42,49
2023-01-25,112000011,2,3,8,23,24,27,14
2023-01-24,112000010,2,4,18,20,30,32,10
2023-01-23,112000009,7,10,18,23,34,35,9
2023-01-22,112000008,6,8,10,22,27,29,23
2023-01-21,112000007,1,5,16,21,23,25,30
2023-01-20,112000006,16,25,27,31,34,42,6
2023-01-17,112000005,5,17,23,24,36,42,16
2023-01-13,112000004,5,21,23,24,40,44,17
2023-01-10,112000003,15,21,22,30,41,42,24
2023-01-06,112000002,19,22,29,36,43,46,30
2023-01-03,112000001,2,4,8,19,24,39,28
2022-12-30,111000114,5,8,14,17,20,46,7
2022-12-27,111000113,3,11,16,21,22,39,4
2022-12-23,111000112,9,13,32,34,35,39,1
2022-12-20,111000111,3,4,12,16,29,32,39
2022-12-16,111000110,6,11,12,40,47,49,28
2022-12-13,111000109,6,9,12,14,33,47,34
2022-12-09,111000108,10,16,22,40,45,48,31
2022-12-06,111000107,10,15,27,32,39,42,28
2022-12-02,111000106,8,22,28,40,41,45,34
2022-11-29,111000105,6,21,34,37,46,49,18
2022-11-25,111000104,14,15,20,26,35,41,36
2022-11-22,111000103,5,13,18,24,27,48,32
2022-11-18,111000102,10,17,27,37,44,45,22
2022-11-15,111000101,19,20,26,29,34,39,4
2022-11-11,111000100,2,10,19,20,36,48,37
2022-11-08,111000099,15,18,37,39,44,47,43
2022-11-04,111000098,11,21,23,30,36,47,6
2022-11-01,111000097,17,24,28,32,34,40,3
2022-10-28,111000096,17,18,19,23,25,32,26
2022-10-25,111000095,18,32,36,43,48,49,23
2022-10-21,111000094,11,20,36,37,42,49,3
2022-10-18,111000093,1,14,27,38,39,47,49
2022-10-14,111000092,1,11,13,25,32,36,30
2022-10-11,111000091,1,3,23,25,42,46,2
2022-10-07,111000090,5,10,15,16,26,30,12
2022-10-04,111000089,13,14,23,34,43,49,44
2022-09-30,111000088,5,12,18,28,34,39,24
2022-09-27,111000087,10,17,28,34,40,43,29
2022-09-23,111000086,2,12,30,31,44,48,46
2022-09-20,111000085,11,13,24,29,35,43,1
2022-09-16,111000084,2,6,7,27,31,44,28
2022-09-13,111000083,7,10,15,21,34,48,38
2022-09-09,111000082,7,15,17,28,36,39,1
2022-09-06,111000081,26,32,35,36,38,49,39
2022-09-02,111000080,20,23,25,36,43,45,38
2022-08-30,111000079,5,8,16,27,35,45,37
2022-08-26,111000078,4,16,17,30,38,42,5
2022-08-23,111000077,6,23,24,25,47,49,5
2022-08-19,111000076,3,4,10,21,28,41,15
2022-08-16,111000075,1,7,11,16,18,31,24
2022-08-12,111000074,4,7,15,21,37,43,5
2022-08-09,111000073,9,11,21,23,30,33,34
2022-08-05,111000072,5,18,21,30,43,46,26
2022-08-02,111000071,2,26,28,29,37,48,5
2022-07-29,111000070,12,18,19,21,33,37,15
2022-07-26,111000069,10,12,17,27,29,39,47
2022-07-22,111000068,11,12,24,30,33,38,31
2022-07-19,111000067,9,16,23,29,40,41,43
2022-07-15,111000066,14,15,27,41,43,49,39
2022-07-12,111000065,7,14,17,20,29,45,30
2022-07-08,111000064,5,9,15,35,40,44,10
2022-07-05,111000063,3,8,26,38,45,47,35
2022-07-01,111000062,14,20,29,32,34,43,2
2022-06-28,111000061,21,24,25,41,42,45,34
2022-06-24,111000060,3,18,26,29,40,43,13
2022-06-21,111000059,3,14,20,34,41,44,43
2022-06-17,111000058,7,11,28,30,46,47,48
2022-06-14,111000057,3,9,20,28,29,47,35
2022-06-10,111000056,5,10,13,28,29,38,34
2022-06-07,111000055,4,17,18,19,31,44,46
2022-06-03,111000054,4,11,39,42,43,48,44
2022-05-31,111000053,10,11,17,25,27,28,31
2022-05-27,111000052,4,11,18,37,39,46,27
2022-05-24,111000051,4,19,24,35,45,46,2
2022-05-20,111000050,5,8,12,22,42,49,46
2022-05-17,111000049,9,22,28,29,34,37,36
2022-05-13,111000048,10,24,27,36,37,48,29
2022-05-10,111000047,2,11,20,24,32,48,27
2022-05-06,111000046,1,5,19,28,45,49,29
2022-05-03,111000045,14,16,18,19,21,23,3
2022-04-29,111000044,12,14,18,25,44,48,45
2022-04-26,111000043,12,31,32,42,43,49,36
2022-04-22,111000042,3,28,32,36,47,49,16
2022-04-19,111000041,4,5,18,20,30,41,23
2022-04-15,111000040,2,9,11,14,15,30,22
2022-04-12,111000039,14,17,18,22,40,42,37
2022-04-08,111000038,10,15,19,29,31,44,23
2022-04-05,111000037,8,15,24,27,31,33,13
2022-04-01,111000036,3,10,11,20,34,38,4
2022-03-29,111000035,16,21,24,27,29,43,41
2022-03-25,111000034,14,17,22,45,47,49,26
2022-03-22,111000033,7,21,26,36,43,49,16
2022-03-18,111000032,2,15,21,26,42,44,45
2022-03-15,111000031,1,31,33,37,46,47,36
2022-03-11,111000030,3,4,8,15,21,24,29
2022-03-08,111000029,13,14,16,19,30,44,20
2022-03-04,111000028,1,3,18,29,30,31,26
2022-03-01,111000027,7,17,19,24,31,45,38
2022-02-25,111000026,17,18,21,26,38,49,20
2022-02-22,111000025,3,21,22,34,37,40,5
2022-02-18,111000024,16,20,36,39,47,48,35
2022-02-15,111000023,18,23,26,27,40,42,3
2022-02-11,111000022,23,24,30,42,44,46,48
2022-02-10,111000021,1,22,25,27,41,44,3
2022-02-09,111000020,2,7,11,18,35,45,25
2022-02-08,111000019,5,23,29,33,38,49,24
2022-02-07,111000018,3,18,23,32,40,45,38
2022-02-06,111000017,12,24,29,34,38,42,33
2022-02-05,111000016,2,4,13,36,41,49,16
2022-02-04,111000015,1,18,21,29,36,38,16
2022-02-03,111000014,5,9,18,22,34,36,11
2022-02-02,111000013,6,11,18,23,33,41,39
2022-02-01,111000012,8,25,34,44,45,47,24
2022-01-31,111000011,4,14,32,33,43,44,49
2022-01-30,111000010,3,8,15,20,22,23,36
2022-01-29,111000009,1,2,20,23,26,34,19
2022-01-28,111000008,7,12,36,41,42,44,29
2022-01-25,111000007,2,9,10,15,27,35,44
2022-01-21,111000006,15,26,27,34,37,42,47
2022-01-18,111000005,19,22,33,35,38,48,11
2022-01-14,111000004,5,13,14,24,26,35,39
2022-01-11,111000003,10,11,13,17,36,49,41
2022-01-07,111000002,6,9,15,31,38,39,25
2022-01-04,111000001,3,4,7,19,22,43,36
2021-12-31,110000114,5,9,14,28,34,37,35
2021-12-28,110000113,1,2,8,11,21,45,16
2021-12-24,110000112,2,7,11,19,27,44,22
2021-12-21,110000111,4,5,27,31,44,48,33
2021-12-17,110000110,2,11,30,35,37,40,13
2021-12-14,110000109,7,14,21,27,30,36,43
2021-12-10,110000108,3,15,21,24,27,40,13
2021-12-07,110000107,19,21,30,43,44,48,8
2021-12-03,110000106,8,13,14,35,36,41,5
2021-11-30,110000105,9,10,26,31,40,49,8
2021-11-26,110000104,10,15,16,21,22,30,14
2021-11-23,110000103,6,7,13,32,33,37,42
2021-11-19,110000102,13,15,16,17,23,36,29
2021-11-16,110000101,6,23,34,41,43,44,38
2021-11-12,110000100,2,3,25,27,37,47,26
2021-11-09,110000099,9,14,20,26,39,42,5
2021-11-05,110000098,16,18,26,30,40,44,13
2021-11-02,110000097,1,12,17,21,37,43,47
2021-10-29,110000096,2,9,17,28,36,42,46
2021-10-26,110000095,14,18,21,26,47,49,30
2021-10-22,110000094,8,13,25,27,38,46,12
2021-10-19,110000093,20,21,26,35,39,47,16
2021-10-15,110000092,2,12,21,25,26,37,10
2021-10-12,110000091,1,6,14,26,28,31,30
2021-10-08,110000090,18,19,20,34,37,44,10
2021-10-05,110000089,1,3,11,23,46,47,45
2021-10-01,110000088,2,9,16,22,41,49,7
2021-09-28,110000087,23,24,27,36,47,49,40
2021-09-24,110000086,4,10,21,30,39,42,22
2021-09-21,110000085,2,13,16,28,31,34,21
2021-09-17,110000084,7,12,18,35,37,45,44
2021-09-14,110000083,9,13,18,22,40,41,49
2021-09-10,110000082,1,5,15,16,28,41,44
2021-09-07,110000081,4,20,26,27,45,48,37
2021-09-03,110000080,1,18,21,24,32,41,12
2021-08-31,110000079,7,14,23,43,47,49,48
2021-08-27,110000078,8,11,16,32,35,43,41
2021-08-24,110000077,1,5,17,36,40,41,38
2021-08-20,110000076,3,6,11,13,18,37,46
2021-08-17,110000075,2,11,29,33,41,44,40
2021-08-13,110000074,5,6,19,24,33,41,3
2021-08-10,110000073,1,3,16,17,24,25,46
2021-08-06,110000072,3,4,15,29,32,39,38
2021-08-03,110000071,17,27,30,38,42,44,24
2021-07-30,110000070,2,15,19,29,43,46,23
2021-07-27,110000069,3,28,30,42,43,46,15
2021-07-23,110000068,7,15,23,24,31,38,9
2021-07-20,110000067,1,8,32,41,44,49,23
2021-07-16,110000066,13,16,17,19,39,44,42
2021-07-13,110000065,9,14,17,23,33,48,4
2021-07-09,110000064,3,13,24,26,27,29,9
2021-07-06,110000063,13,19,25,32,42,44,2
2021-07-02,110000062,4,9,11,25,27,29,22
2021-06-29,110000061,1,23,25,30,38,45,14
2021-06-25,110000060,1,4,9,37,38,41,40
2021-06-22,110000059,14,17,27,43,45,48,41
2021-06-18,110000058,2,18,22,25,41,43,14
2021-06-15,110000057,9,11,23,34,41,45,49
2021-06-11,110000056,7,9,16,23,27,44,46
2021-06-08,110000055,4,6,26,36,38,47,43
2021-06-04,110000054,7,8,24,28,32,41,10
2021-06-01,110000053,1,2,9,26,35,41,46
2021-05-28,110000052,4,12,18,23,43,46,7
2021-05-25,110000051,15,31,38,44,46,48,21
2021-05-21,110000050,2,4,25,26,27,29,41
2021-05-18,110000049,11,15,16,18,35,43,46
2021-05-14,110000048,2,13,14,30,43,48,17
2021-05-11,110000047,5,7,9,27,35,42,19
2021-05-07,110000046,12,22,26,35,36,49,32
2021-05-04,110000045,5,15,17,19,27,37,42
2021-04-30,110000044,4,14,22,42,46,47,21
2021-04-27,110000043,5,8,20,23,34,39,31
2021-04-23,110000042,18,20,23,32,37,46,39
2021-04-20,110000041,5,7,9,15,24,26,12
2021-04-16,110000040,7,10,16,21,33,46,2
2021-04-13,110000039,11,25,31,32,35,42,41
2021-04-09,110000038,6,9,18,25,29,35,46
2021-04-06,110000037,1,22,26,28,34,38,35
2021-04-02,110000036,17,21,25,30,40,42,26
2021-03-30,110000035,17,22,23,25,31,33,3
2021-03-26,110000034,15,21,24,30,37,38,34
2021-03-23,110000033,2,15,28,43,45,49,35
2021-03-19,110000032,7,19,28,35,38,48,8
2021-03-16,110000031,8,19,22,24,30,43,13
2021-03-12,110000030,8,21,26,30,33,46,45
2021-03-09,110000029,8,9,13,29,36,46,23
2021-03-05,110000028,6,8,14,29,38,48,35
2021-03-02,110000027,5,7,11,24,27,30,12
2021-02-26,110000026,4,13,22,23,39,42,26
2021-02-23,110000025,1,6,18,19,20,42,43
2021-02-21,110000024,9,18,25,27,32,39,40
2021-02-20,110000023,1,6,10,11,26,47,22
2021-02-19,110000022,2,28,31,36,40,45,24
2021-02-18,110000021,1,3,9,41,42,48,27
2021-02-17,110000020,2,13,24,26,45,49,10
2021-02-16,110000019,1,9,11,12,37,46,43
2021-02-15,110000018,4,8,10,18,33,40,2
2021-02-14,110000017,1,12,16,17,38,45,32
2021-02-13,110000016,13,30,37,40,43,46,5
2021-02-12,110000015,5,6,10,12,44,48,36
2021-02-11,110000014,7,17,18,26,41,47,39
2021-02-10,110000013,3,18,24,34,41,42,37
2021-02-09,110000012,1,3,6,12,27,43,2
2021-02-05,110000011,5,9,19,31,33,35,32
2021-02-02,110000010,14,34,35,38,43,47,40
2021-01-29,110000009,14,22,30,31,39,40,49
2021-01-26,110000008,8,20,23,37,43,46,44
2021-01-22,110000007,7,30,34,36,45,46,43
2021-01-19,110000006,15,29,31,33,41,47,37
2021-01-15,110000005,3,4,8,11,42,44,21
2021-01-12,110000004,1,10,20,28,37,44,33
2021-01-08,110000003,4,18,24,26,43,47,33
2021-01-05,110000002,8,13,17,20,43,48,38
2021-01-01,110000001,5,37,41,42,46,49,18
2020-12-29,109000112,10,14,33,34,35,39,40
2020-12-25,109000111,1,5,6,19,29,30,39
2020-12-22,109000110,20,22,25,30,31,45,2
2020-12-18,109000109,2,11,24,26,30,41,1
2020-12-15,109000108,2,6,17,21,43,48,41
2020-12-11,109000107,8,17,36,37,42,43,34
2020-12-08,109000106,2,4,10,15,31,45,17
2020-12-04,109000105,2,13,27,30,41,44,40
2020-12-01,109000104,4,22,29,37,44,49,30
2020-11-27,109000103,1,19,26,30,35,48,11
2020-11-24,109000102,5,29,36,38,44,45,23
2020-11-20,109000101,16,27,29,35,37,48,31
2020-11-17,109000100,6,14,18,20,38,41,29
2020-11-13,109000099,7,9,12,15,25,29,47
2020-11-10,109000098,5,17,19,21,28,29,43
2020-11-06,109000097,5,9,25,39,44,46,2
2020-11-03,109000096,6,11,15,30,32,44,29
2020-10-30,109000095,6,10,13,19,40,45,7
2020-10-27,109000094,2,9,19,28,30,32,35
2020-10-23,109000093,3,9,20,25,26,35,39
2020-10-20,109000092,5,17,18,28,30,39,13
2020-10-16,109000091,7,25,28,33,44,47,19
2020-10-13,109000090,1,3,15,27,39,41,20
2020-10-09,109000089,2,7,19,25,42,47,6
2020-10-06,109000088,4,5,22,23,34,40,37
2020-10-02,109000087,11,15,16,18,24,26,46
2020-09-29,109000086,1,7,8,33,42,47,31
2020-09-25,109000085,10,31,35,36,39,48,27
2020-09-22,109000084,3,4,5,8,24,29,7
2020-09-18,109000083,3,29,30,32,43,44,35
2020-09-15,109000082,7,16,29,32,37,48,21
2020-09-11,109000081,1,26,29,39,48,49,9
2020-09-08,109000080,1,2,9,20,26,48,36
2020-09-04,109000079,2,9,11,13,39,43,35
2020-09-01,109000078,1,2,6,8,38,43,24
2020-08-28,109000077,13,14,19,22,23,36,24
2020-08-25,109000076,2,23,28,35,46,48,33
2020-08-21,109000075,5,14,40,44,45,46,32
2020-08-18,109000074,4,22,30,43,45,47,15
2020-08-14,109000073,16,20,24,25,31,33,37
2020-08-11,109000072,8,12,40,42,44,47,5
2020-08-07,109000071,6,9,19,40,44,45,1
2020-08-04,109000070,1,5,11,19,31,33,6
2020-07-31,109000069,16,17,18,19,33,45,25
2020-07-28,109000068,8,10,22,23,29,35,2
2020-07-24,109000067,2,20,21,24,35,37,9
2020-07-21,109000066,3,16,25,31,33,36,14
2020-07-17,109000065,5,6,15,25,30,41,29
2020-07-14,109000064,4,10,24,29,32,49,43
2020-07-10,109000063,4,5,22,27,46,49,41
2020-07-07,109000062,4,17,22,34,44,46,13
2020-07-03,109000061,13,19,20,24,40,45,33
2020-06-30,109000060,26,29,31,43,46,49,6
2020-06-26,109000059,10,12,16,37,40,41,5
2020-06-23,109000058,1,2,16,22,27,45,13
2020-06-19,109000057,1,15,16,25,43,46,6
2020-06-16,109000056,6,13,20,23,29,46,42
2020-06-12,109000055,1,6,28,30,33,48,27
2020-06-09,109000054,8,17,28,35,36,47,41
2020-06-05,109000053,3,5,8,24,26,49,19
2020-06-02,109000052,1,6,22,25,33,48,19
2020-05-29,109000051,31,35,39,40,45,49,41
2020-05-26,109000050,1,5,25,29,33,38,19
2020-05-22,109000049,3,7,10,13,39,46,29
2020-05-19,109000048,27,32,33,40,43,44,37
2020-05-15,109000047,6,11,31,40,42,45,43
2020-05-12,109000046,1,5,8,11,35,36,26
2020-05-08,109000045,8,9,10,24,27,31,33
2020-05-05,109000044,17,19,24,36,43,49,26
2020-05-01,109000043,5,18,25,34,48,49,45
2020-04-28,109000042,16,29,36,39,43,48,42
2020-04-24,109000041,7,10,14,15,17,39,45
2020-04-21,109000040,1,2,29,33,45,47,39
2020-04-17,109000039,1,21,31,33,42,44,22
2020-04-14,109000038,17,19,21,26,33,45,12
2020-04-10,109000037,13,33,41,47,48,49,1
2020-04-07,109000036,4,7,12,18,27,44,23
2020-04-03,109000035,2,17,32,43,45,47,34
2020-03-31,109000034,6,21,26,34,36,49,23
2020-03-27,109000033,2,8,10,16,23,49,41
2020-03-24,109000032,10,12,16,29,41,45,1
2020-03-20,109000031,1,8,13,43,46,48,29
2020-03-17,109000030,10,17,28,29,43,47,4
2020-03-13,109000029,14,22,32,33,34,49,31
2020-03-10,109000028,1,4,12,25,34,37,42
2020-03-06,109000027,8,12,13,15,16,30,45
2020-03-03,109000026,8,10,11,17,28,42,40
2020-02-28,109000025,2,9,18,27,46,48,25
2020-02-25,109000024,1,2,8,44,47,48,9
2020-02-21,109000023,13,15,27,34,35,39,31
2020-02-18,109000022,4,13,31,35,37,42,49
2020-02-14,109000021,7,13,23,33,35,36,9
2020-02-11,109000020,9,22,23,37,43,46,38
2020-02-07,109000019,5,15,19,22,30,42,31
2020-02-04,109000018,3,23,27,28,37,48,8
2020-02-02,109000017,3,16,17,30,33,37,29
2020-02-01,109000016,2,10,12,20,26,34,28
2020-01-31,109000015,14,16,19,28,32,49,1
2020-01-30,109000014,6,24,35,41,46,49,9
2020-01-29,109000013,1,4,9,14,15,49,32
2020-01-28,109000012,2,3,13,20,28,38,40
2020-01-27,109000011,9,12,23,33,39,45,24
2020-01-26,109000010,3,28,29,35,41,47,48
2020-01-25,109000009,5,13,16,31,41,45,9
2020-01-24,109000008,7,13,18,21,38,44,3
2020-01-23,109000007,13,18,23,30,44,48,37
2020-01-21,109000006,17,22,30,38,44,48,36
2020-01-17,109000005,7,9,20,42,44,45,8
2020-01-14,109000004,7,20,34,37,38,47,18
2020-01-10,109000003,4,7,12,17,33,38,11
2020-01-07,109000002,1,5,8,15,16,38,7
2020-01-03,109000001,16,18,19,29,30,47,10
2019-12-31,108000112,10,14,26,38,39,47,8
2019-12-27,108000111,17,18,25,32,43,45,5
2019-12-24,108000110,9,18,31,45,48,49,22
2019-12-20,108000109,16,21,22,28,32,46,24
2019-12-17,108000108,9,21,27,31,38,49,3
2019-12-13,108000107,7,12,26,31,37,49,17
2019-12-10,108000106,3,8,18,19,41,48,36
2019-12-06,108000105,16,18,22,23,24,41,39
2019-12-03,108000104,5,9,11,15,36,45,27
2019-11-29,108000103,10,21,24,30,35,45,22
2019-11-26,108000102,8,10,15,19,36,45,37
2019-11-22,108000101,3,18,23,24,26,49,32
2019-11-19,108000100,5,15,30,35,38,47,18
2019-11-15,108000099,3,6,11,16,26,44,31
2019-11-12,108000098,1,19,25,27,31,40,12
2019-11-08,108000097,1,3,9,26,40,47,15
2019-11-05,108000096,9,13,22,37,40,42,26
2019-11-01,108000095,12,15,23,33,41,42,11
2019-10-29,108000094,3,10,12,22,36,41,18
2019-10-25,108000093,3,8,14,16,26,36,41
2019-10-22,108000092,6,17,22,23,32,42,13
2019-10-18,108000091,3,23,32,36,39,40,49
2019-10-15,108000090,13,21,28,35,37,38,33
2019-10-11,108000089,7,12,17,21,30,37,49
2019-10-08,108000088,7,13,18,21,26,34,8
2019-10-04,108000087,10,21,23,33,42,48,41
2019-10-01,108000086,2,9,12,15,20,49,40
2019-09-27,108000085,10,21,25,26,35,37,4
2019-09-24,108000084,2,16,18,20,22,39,21
2019-09-20,108000083,8,17,23,24,31,34,25
2019-09-17,108000082,12,18,29,40,41,48,24
2019-09-13,108000081,2,7,15,27,37,39,43
2019-09-10,108000080,3,12,17,20,29,38,47
2019-09-06,108000079,2,14,19,20,26,43,23
2019-09-03,108000078,11,13,25,32,33,48,31
2019-08-30,108000077,6,26,35,42,44,48,7
2019-08-27,108000076,1,4,8,10,45,47,41
2019-08-23,108000075,5,17,19,21,42,43,16
2019-08-20,108000074,1,16,19,27,35,42,41
2019-08-16,108000073,7,8,31,33,41,45,39
2019-08-13,108000072,5,21,25,32,36,41,33
2019-08-09,108000071,4,13,18,26,41,48,33
2019-08-06,108000070,1,10,20,37,38,49,31
2019-08-02,108000069,5,34,42,46,48,49,14
2019-07-30,108000068,4,12,21,24,33,35,42
2019-07-26,108000067,4,11,36,40,41,48,49
2019-07-23,108000066,12,14,35,37,42,47,6
2019-07-19,108000065,12,17,26,33,35,39,10
2019-07-16,108000064,15,30,31,37,39,48,8
2019-07-12,108000063,12,14,18,19,37,47,30
2019-07-09,108000062,11,17,20,34,37,41,6
2019-07-05,108000061,11,17,32,33,38,46,15
2019-07-02,108000060,2,4,11,33,39,42,19
2019-06-28,108000059,9,13,15,26,31,33,10
2019-06-25,108000058,8,20,31,36,38,45,33
2019-06-21,108000057,7,12,26,30,31,32,13
2019-06-18,108000056,5,16,27,29,33,45,28
2019-06-14,108000055,6,10,12,22,24,37,3
2019-06-11,108000054,6,31,32,39,40,42,28
2019-06-07,108000053,18,22,26,27,30,38,45
2019-06-04,108000052,5,6,19,23,43,48,7
2019-05-31,108000051,8,15,21,31,36,46,18
2019-05-28,108000050,3,11,22,36,38,40,7
2019-05-24,108000049,12,13,19,21,29,39,41
2019-05-21,108000048,7,10,18,32,41,46,42
2019-05-17,108000047,2,7,12,21,23,45,10
2019-05-14,108000046,9,15,27,28,40,43,45
2019-05-10,108000045,11,17,27,31,33,37,12
2019-05-07,108000044,2,14,23,29,35,43,22
2019-05-03,108000043,6,7,19,31,32,40,15
2019-04-30,108000042,1,4,19,24,47,49,36
2019-04-26,108000041,8,24,29,37,44,48,6
2019-04-23,108000040,8,14,16,18,30,35,36
2019-04-19,108000039,4,11,24,29,32,45,49
2019-04-16,108000038,1,14,23,36,39,41,4
2019-04-12,108000037,12,26,32,34,45,46,14
2019-04-09,108000036,10,36,37,44,45,46,48
2019-04-05,108000035,11,28,29,38,43,49,22
2019-04-02,108000034,5,28,38,40,41,47,25
2019-03-29,108000033,1,3,12,16,29,49,4
2019-03-26,108000032,6,13,14,19,24,38,26
2019-03-22,108000031,1,12,16,37,41,47,36
2019-03-19,108000030,7,16,17,36,47,48,49
2019-03-15,108000029,5,10,12,20,28,36,15
2019-03-12,108000028,5,7,22,37,40,45,12
2019-03-08,108000027,3,11,15,25,31,48,36
2019-03-05,108000026,12,13,16,21,42,43,39
2019-03-01,108000025,1,8,14,27,40,45,34
2019-02-26,108000024,6,17,22,34,38,42,20
2019-02-22,108000023,6,20,22,43,45,48,11
2019-02-19,108000022,1,3,4,24,32,43,37
2019-02-15,108000021,1,3,40,44,46,48,2
2019-02-12,108000020,11,16,19,29,30,45,1
2019-02-10,108000019,5,8,14,19,22,47,24
2019-02-09,108000018,6,8,18,19,20,30,22
2019-02-08,108000017,8,13,14,32,36,42,5
2019-02-07,108000016,7,21,29,33,40,41,8
2019-02-06,108000015,17,23,28,29,32,39,12
2019-02-05,108000014,13,18,30,34,45,49,33
2019-02-04,108000013,6,8,24,32,34,36,49
2019-02-03,108000012,12,24,28,36,37,40,6
2019-02-02,108000011,2,7,22,35,46,49,41
2019-02-01,108000010,10,17,20,21,32,41,34
2019-01-29,108000009,14,20,24,30,44,48,31
2019-01-25,108000008,3,10,14,15,20,45,2
2019-01-22,108000007,2,20,36,37,42,46,29
2019-01-18,108000006,4,5,10,30,39,45,14
2019-01-15,108000005,12,20,30,38,40,41,10
2019-01-11,108000004,13,20,22,31,34,42,9
2019-01-08,108000003,4,19,21,28,39,43,18
2019-01-04,108000002,6,7,8,20,47,48,30
2019-01-01,108000001,18,23,24,25,39,42,48
2018-12-28,107000108,7,11,19,23,35,44,33
2018-12-25,107000107,7,26,27,28,30,32,44
2018-12-21,107000106,5,19,21,34,41,49,42
2018-12-18,107000105,5,8,11,15,33,37,3
2018-12-14,107000104,6,9,14,19,38,49,20
2018-12-11,107000103,7,12,15,21,27,47,48
2018-12-07,107000102,11,20,29,33,34,36,18
2018-12-04,107000101,3,6,12,16,17,20,14
2018-11-30,107000100,5,14,20,27,29,45,7
2018-11-27,107000099,27,33,36,41,43,44,31
2018-11-23,107000098,7,20,21,34,37,43,5
2018-11-20,107000097,4,31,34,36,40,44,20
2018-11-16,107000096,7,11,23,30,38,49,45
2018-11-13,107000095,7,21,35,36,42,43,10
2018-11-09,107000094,4,12,14,15,22,48,28
2018-11-06,107000093,2,5,26,29,38,39,7
2018-11-02,107000092,5,16,18,32,41,47,2
2018-10-30,107000091,3,9,28,32,39,47,7
2018-10-26,107000090,8,10,23,33,41,46,48
2018-10-23,107000089,6,9,13,20,42,43,21
2018-10-19,107000088,7,18,20,32,42,49,24
2018-10-16,107000087,1,24,39,40,46,49,33
2018-10-12,107000086,4,6,7,12,20,21,29
2018-10-09,107000085,8,13,16,23,35,41,21
2018-10-05,107000084,3,9,10,42,44,47,5
2018-10-02,107000083,2,8,16,33,42,47,14
2018-09-28,107000082,1,2,7,20,27,37,19
2018-09-25,107000081,19,25,27,39,40,46,6
2018-09-21,107000080,3,5,10,11,29,45,25
2018-09-18,107000079,11,23,34,36,41,45,43
2018-09-14,107000078,19,29,36,37,45,46,18
2018-09-11,107000077,14,16,18,23,25,44,41
2018-09-07,107000076,2,8,14,21,37,44,49
2018-09-04,107000075,4,6,10,15,42,49,12
2018-08-31,107000074,12,15,34,37,43,46,38
2018-08-28,107000073,8,10,11,39,42,44,27
2018-08-24,107000072,3,7,9,31,39,45,35
2018-08-21,107000071,8,12,17,28,31,34,1
2018-08-17,107000070,3,14,19,21,35,48,13
2018-08-14,107000069,15,16,17,25,34,49,5
2018-08-10,107000068,5,7,16,18,36,48,37
2018-08-07,107000067,12,13,19,25,30,46,5
2018-08-03,107000066,4,6,30,35,40,43,13
2018-07-31,107000065,15,20,22,31,35,37,14
2018-07-27,107000064,5,12,17,19,35,48,9
2018-07-24,107000063,24,25,29,32,42,49,12
2018-07-20,107000062,9,12,13,24,39,45,38
2018-07-17,107000061,11,20,26,34,41,43,9
2018-07-13,107000060,2,14,21,31,42,46,4
2018-07-10,107000059,9,11,21,24,39,43,7
2018-07-06,107000058,2,3,21,28,32,47,27
2018-07-03,107000057,9,11,20,31,34,44,10
2018-06-29,107000056,4,13,27,30,37,41,20
2018-06-26,107000055,5,9,11,23,37,44,24
2018-06-22,107000054,6,7,11,25,26,30,31
2018-06-19,107000053,8,9,28,34,37,42,15
2018-06-15,107000052,16,25,28,30,44,46,27
2018-06-12,107000051,2,3,14,15,35,37,29
2018-06-08,107000050,2,9,17,31,32,40,47
2018-06-05,107000049,2,17,22,25,26,41,16
2018-06-01,107000048,16,26,28,33,42,49,20
2018-05-29,107000047,11,14,20,26,37,41,2
2018-05-25,107000046,1,6,22,24,32,42,16
2018-05-22,107000045,2,13,24,29,41,49,45
2018-05-18,107000044,1,11,36,38,41,42,48
2018-05-15,107000043,2,12,13,16,32,43,24
2018-05-11,107000042,4,11,25,35,37,48,36
2018-05-08,107000041,3,8,21,22,37,41,46
2018-05-04,107000040,10,22,30,33,36,47,43
2018-05-01,107000039,8,29,33,34,46,49,19
2018-04-27,107000038,4,25,26,27,30,48,11
2018-04-24,107000037,9,10,19,21,35,36,49
2018-04-20,107000036,10,14,32,33,35,46,43
2018-04-17,107000035,7,16,31,38,40,41,39
2018-04-13,107000034,1,12,25,28,40,46,39
2018-04-10,107000033,7,27,32,34,41,47,9
2018-04-06,107000032,7,25,31,34,47,49,26
2018-04-03,107000031,1,7,22,32,34,36,8
2018-03-30,107000030,1,5,13,43,44,47,25
2018-03-27,107000029,13,15,24,30,38,40,44
2018-03-23,107000028,4,9,13,32,34,41,42
2018-03-20,107000027,8,9,23,30,37,41,31
2018-03-16,107000026,3,14,16,17,43,46,4
2018-03-13,107000025,14,20,22,27,28,38,19
2018-03-09,107000024,12,15,18,27,30,38,19
2018-03-06,107000023,9,11,13,17,38,42,29
2018-03-02,107000022,1,12,17,25,31,48,21
2018-02-27,107000021,1,3,18,23,28,44,10
2018-02-23,107000020,3,7,15,16,18,41,42
2018-02-20,107000019,12,33,34,38,40,46,7
2018-02-19,107000018,7,9,19,22,36,49,29
2018-02-18,107000017,7,8,20,28,34,46,10
2018-02-17,107000016,3,5,17,32,33,47,36
2018-02-16,107000015,4,7,23,24,27,41,17
2018-02-15,107000014,7,21,22,37,41,48,15
2018-02-13,107000013,4,10,19,26,35,45,38
2018-02-09,107000012,12,17,20,21,30,45,9
2018-02-06,107000011,6,10,24,27,41,43,49
2018-02-02,107000010,1,2,10,11,26,43,40
2018-01-30,107000009,7,8,15,23,31,36,30
2018-01-26,107000008,7,23,32,34,43,47,24
2018-01-23,107000007,2,12,26,28,33,34,44
2018-01-19,107000006,2,13,16,22,26,48,39
2018-01-16,107000005,8,26,29,32,36,39,23
2018-01-12,107000004,1,7,14,22,40,45,29
2018-01-09,107000003,2,10,22,23,24,37,42
2018-01-05,107000002,4,13,17,29,31,44,14
2018-01-02,107000001,2,6,12,18,36,46,47
2017-12-29,106000108,11,12,15,20,27,47,36
2017-12-26,106000107,7,8,10,20,24,27,19
2017-12-22,106000106,12,18,20,21,31,37,24
2017-12-19,106000105,3,14,18,31,41,42,2
2017-12-15,106000104,17,19,24,27,31,37,8
2017-12-12,106000103,16,19,28,37,38,41,10
2017-12-08,106000102,1,5,8,10,34,35,46
2017-12-05,106000101,1,12,13,37,41,43,49
2017-12-01,106000100,2,3,5,28,42,48,9
2017-11-28,106000099,9,14,17,19,46,47,29
2017-11-24,106000098,4,8,10,14,41,45,38
2017-11-21,106000097,4,23,25,28,39,43,41
2017-11-17,106000096,2,14,19,28,39,46,45
2017-11-14,106000095,5,15,24,25,44,47,45
2017-11-10,106000094,10,15,24,26,29,35,12
2017-11-07,106000093,5,6,12,22,30,48,41
2017-11-03,106000092,8,20,23,33,36,43,2
2017-10-31,106000091,4,25,31,36,39,46,2
2017-10-27,106000090,2,11,17,22,38,40,41
2017-10-24,106000089,2,3,5,14,16,29,32
2017-10-20,106000088,3,8,18,19,26,42,17
2017-10-17,106000087,1,3,6,11,19,27,5
2017-10-13,106000086,5,8,23,34,44,46,16
2017-10-10,106000085,6,28,29,30,31,39,33
2017-10-06,106000084,4,28,32,37,41,45,47
2017-10-03,106000083,15,18,25,30,33,44,38
2017-09-29,106000082,3,14,16,21,33,36,20
2017-09-26,106000081,10,11,14,19,22,38,42
2017-09-22,106000080,18,35,39,43,47,49,44
2017-09-19,106000079,2,12,15,18,37,40,39
2017-09-15,106000078,3,8,11,16,33,37,35
2017-09-12,106000077,7,23,29,36,45,49,14
2017-09-08,106000076,8,13,15,19,29,42,25
2017-09-05,106000075,13,17,23,27,33,41,2
2017-09-01,106000074,5,11,14,16,36,40,46
2017-08-29,106000073,5,18,25,31,48,49,44
2017-08-25,106000072,1,4,19,24,28,31,49
2017-08-22,106000071,4,10,13,36,44,45,5
2017-08-18,106000070,7,10,12,35,38,47,23
2017-08-15,106000069,13,16,27,28,33,42,11
2017-08-11,106000068,2,8,9,18,27,37,33
2017-08-08,106000067,6,9,23,27,34,46,20
2017-08-04,106000066,15,16,26,27,39,45,37
2017-08-01,106000065,2,12,21,30,42,47,31
2017-07-28,106000064,11,13,18,22,38,39,3
2017-07-25,106000063,2,11,23,30,33,42,7
2017-07-21,106000062,2,12,24,32,42,47,29
2017-07-18,106000061,13,14,21,29,42,48,11
2017-07-14,106000060,16,18,19,25,26,32,22
2017-07-11,106000059,6,16,19,23,33,39,7
2017-07-07,106000058,18,30,40,42,44,49,8
2017-07-04,106000057,4,21,27,28,30,35,42
2017-06-30,106000056,8,12,22,30,32,36,6
2017-06-27,106000055,11,33,34,46,47,49,38
2017-06-23,106000054,2,8,12,34,41,42,7
2017-06-20,106000053,1,12,29,30,33,44,19
2017-06-16,106000052,1,15,21,26,36,45,10
2017-06-13,106000051,2,4,17,22,36,43,40
2017-06-09,106000050,24,26,31,32,37,46,1
2017-06-06,106000049,14,16,25,32,36,48,12
2017-06-02,106000048,3,7,8,23,30,31,32
2017-05-30,106000047,7,14,19,30,31,39,40
2017-05-26,106000046,8,14,16,19,21,35,20
2017-05-23,106000045,2,10,15,22,26,32,42
2017-05-19,106000044,15,16,21,23,28,46,14
2017-05-16,106000043,5,6,7,14,29,46,24
2017-05-12,106000042,2,9,18,22,25,35,14
2017-05-09,106000041,16,17,20,21,32,40,15
2017-05-05,106000040,1,9,18,19,34,49,11
2017-05-02,106000039,14,23,24,27,36,39,13
2017-04-28,106000038,1,3,19,31,32,42,43
2017-04-25,106000037,16,17,30,32,35,41,26
2017-04-21,106000036,5,15,22,23,28,39,25
2017-04-18,106000035,14,21,25,35,36,39,18
2017-04-14,106000034,2,3,4,23,29,42,14
2017-04-11,106000033,9,22,31,36,40,47,8
2017-04-07,106000032,19,23,31,32,37,49,26
2017-04-04,106000031,5,17,33,34,43,44,4
2017-03-31,106000030,17,18,22,24,25,38,39
2017-03-28,106000029,21,22,32,37,42,44,38
2017-03-24,106000028,24,36,39,41,45,49,22
2017-03-21,106000027,8,16,27,32,43,44,7
2017-03-17,106000026,4,17,25,36,40,44,8
2017-03-14,106000025,15,17,20,32,33,39,21
2017-03-10,106000024,11,12,21,35,41,48,1
2017-03-07,106000023,6,12,22,31,41,44,2
2017-03-03,106000022,2,16,20,37,43,48,10
2017-02-28,106000021,6,14,15,19,30,43,31
2017-02-24,106000020,12,16,35,38,41,47,1
2017-02-21,106000019,8,10,15,32,39,48,43
2017-02-17,106000018,6,16,21,23,46,49,39
2017-02-14,106000017,10,11,21,23,28,37,24
2017-02-10,106000016,7,11,12,15,24,26,6
2017-02-07,106000015,6,18,19,23,32,49,21
2017-02-03,106000014,2,11,25,29,30,33,20
2017-02-01,106000013,4,9,11,32,43,47,44
2017-01-31,106000012,4,11,16,28,33,46,17
2017-01-30,106000011,10,19,26,29,43,45,20
2017-01-29,106000010,3,8,9,12,14,22,46
2017-01-28,106000009,1,19,20,25,30,32,2
2017-01-27,106000008,1,5,7,31,35,49,42
2017-01-24,106000007,1,9,17,31,33,48,49
2017-01-20,106000006,1,5,16,18,31,41,13
2017-01-17,106000005,4,12,17,28,34,40,7
2017-01-13,106000004,14,19,21,25,27,38,22
2017-01-10,106000003,4,13,14,37,39,46,31
2017-01-06,106000002,12,14,32,35,40,43,17
2017-01-03,106000001,18,22,41,42,47,49,45
2016-12-30,105000111,6,7,35,37,38,47,12
2016-12-27,105000110,10,25,26,29,31,40,2
2016-12-23,105000109,8,23,28,38,41,42,30
2016-12-20,105000108,1,29,35,36,44,46,6
2016-12-16,105000107,11,19,25,34,36,42,8
2016-12-13,105000106,19,29,33,36,39,49,6
2016-12-09,105000105,12,28,38,42,44,49,2
2016-12-06,105000104,27,30,32,41,44,46,42
2016-12-02,105000103,5,25,26,34,40,49,47
2016-11-29,105000102,3,21,26,28,38,40,42
2016-11-25,105000101,1,3,22,28,37,42,10
2016-11-22,105000100,1,21,24,25,34,44,19
2016-11-18,105000099,6,18,24,25,26,34,19
2016-11-15,105000098,7,8,25,33,41,43,6
2016-11-11,105000097,2,7,8,22,28,32,20
2016-11-08,105000096,3,6,11,17,22,49,44
2016-11-04,105000095,2,3,17,28,38,49,21
2016-11-01,105000094,10,11,15,20,31,49,44
2016-10-28,105000093,1,10,13,33,37,38,40
2016-10-25,105000092,5,15,25,27,33,34,43
2016-10-21,105000091,2,8,21,32,33,37,15
2016-10-18,105000090,14,15,16,24,44,47,21
2016-10-14,105000089,10,23,29,30,44,47,7
2016-10-11,105000088,2,8,13,14,37,39,38
2016-10-07,105000087,10,16,30,33,37,42,43
2016-10-04,105000086,11,23,30,35,40,44,7
2016-09-30,105000085,4,10,31,38,40,48,5
2016-09-27,105000084,14,15,16,35,46,48,2
2016-09-23,105000083,1,2,29,31,33,43,40
2016-09-20,105000082,4,7,17,22,44,45,32
2016-09-16,105000081,17,23,30,31,34,49,36
2016-09-13,105000080,3,16,22,33,40,41,39
2016-09-09,105000079,1,12,35,36,41,44,21
2016-09-06,105000078,4,7,20,23,28,45,35
2016-09-02,105000077,9,11,20,21,45,46,42
2016-08-30,105000076,1,11,18,27,36,46,26
2016-08-26,105000075,9,28,34,41,42,49,6
2016-08-23,105000074,25,26,37,38,44,48,31
2016-08-19,105000073,5,19,26,44,46,48,36
2016-08-16,105000072,5,14,15,20,27,29,35
2016-08-12,105000071,8,20,33,35,42,43,10
2016-08-09,105000070,15,17,30,35,37,45,41
2016-08-05,105000069,1,2,22,27,35,40,33
2016-08-02,105000068,4,15,20,22,28,29,1
2016-07-29,105000067,9,15,27,28,30,41,13
2016-07-26,105000066,9,15,19,22,35,41,37
2016-07-22,105000065,2,10,17,27,33,49,15
2016-07-19,105000064,7,13,33,40,45,46,39
2016-07-15,105000063,24,25,29,33,35,38,49
2016-07-12,105000062,25,31,34,42,43,46,5
2016-07-08,105000061,9,10,13,19,23,35,38
2016-07-05,105000060,6,9,15,17,40,47,24
2016-07-01,105000059,8,20,24,34,41,43,32
2016-06-28,105000058,7,8,25,39,45,46,38
2016-06-24,105000057,14,17,27,28,39,41,18
2016-06-21,105000056,2,27,34,35,36,49,26
2016-06-17,105000055,7,10,17,20,21,31,49
2016-06-14,105000054,12,13,16,33,35,37,18
2016-06-10,105000053,4,13,15,22,23,48,3
2016-06-07,105000052,5,8,23,31,39,44,19
2016-06-03,105000051,3,10,27,33,41,44,7
2016-05-31,105000050,1,2,5,32,45,46,43
2016-05-27,105000049,2,9,13,16,24,39,41
2016-05-24,105000048,6,8,13,21,33,39,45
2016-05-20,105000047,5,10,25,30,40,43,26
2016-05-17,105000046,2,3,20,23,34,42,40
2016-05-13,105000045,3,10,22,31,35,38,37
2016-05-10,105000044,3,4,8,22,36,38,7
2016-05-06,105000043,1,26,37,39,42,48,41
2016-05-03,105000042,1,7,17,40,41,43,33
2016-04-29,105000041,8,14,27,31,36,40,3
2016-04-26,105000040,6,12,21,25,34,43,28
2016-04-22,105000039,12,19,23,33,46,48,29
2016-04-19,105000038,12,21,39,41,46,47,14
2016-04-15,105000037,9,13,17,28,45,47,3
2016-04-12,105000036,11,14,19,39,45,49,23
2016-04-08,105000035,2,7,13,30,36,45,43
2016-04-05,105000034,14,23,26,32,38,43,3
2016-04-01,105000033,8,12,16,29,37,39,40
2016-03-29,105000032,1,17,18,34,46,47,25
2016-03-25,105000031,7,11,22,37,40,41,20
2016-03-22,105000030,7,11,16,20,30,33,6
2016-03-18,105000029,1,3,4,18,25,47,13
2016-03-15,105000028,6,14,30,42,47,48,18
2016-03-11,105000027,9,16,30,34,36,49,31
2016-03-08,105000026,3,27,30,35,39,41,32
2016-03-04,105000025,5,7,12,17,22,29,4
2016-03-01,105000024,7,14,17,22,23,34,12
2016-02-26,105000023,3,9,17,21,41,46,27
2016-02-23,105000022,10,14,19,20,43,45,22
2016-02-19,105000021,11,20,23,30,39,44,49
2016-02-16,105000020,11,23,29,33,34,40,6
2016-02-14,105000019,1,3,16,20,21,26,22
2016-02-13,105000018,4,6,18,29,35,48,20
2016-02-12,105000017,6,10,11,22,32,45,4
2016-02-11,105000016,3,13,29,30,34,48,28
2016-02-10,105000015,18,19,22,32,44,47,9
2016-02-09,105000014,9,24,25,31,37,45,12
2016-02-08,105000013,8,12,13,16,27,32,24
2016-02-07,105000012,4,11,21,25,35,37,43
2016-02-05,105000011,4,5,26,30,38,41,28
2016-02-02,105000010,15,21,23,26,43,48,34
2016-01-29,105000009,16,35,38,44,45,48,27
2016-01-26,105000008,11,13,17,35,39,46,2
2016-01-22,105000007,10,15,17,20,43,46,37
2016-01-19,105000006,4,9,14,23,44,46,41
2016-01-15,105000005,6,11,16,17,27,42,35
2016-01-12,105000004,5,15,18,39,40,44,37
2016-01-08,105000003,3,10,13,28,44,48,1
2016-01-05,105000002,1,3,7,15,25,33,21
2016-01-01,105000001,16,19,24,29,41,43,32
2015-12-29,104000109,1,8,13,30,32,42,11
2015-12-25,104000108,3,7,11,12,16,30,13
2015-12-22,104000107,8,12,13,29,37,49,43
2015-12-18,104000106,5,6,11,15,18,25,31
2015-12-15,104000105,4,11,18,22,23,31,19
2015-12-11,104000104,1,4,25,29,42,43,11
2015-12-08,104000103,8,15,32,36,40,43,3
2015-12-04,104000102,16,21,34,37,41,47,29
2015-12-01,104000101,6,13,15,19,37,41,22
2015-11-27,104000100,4,5,23,25,40,41,11
2015-11-24,104000099,1,9,13,28,29,48,45
2015-11-20,104000098,4,9,10,39,40,42,8
2015-11-17,104000097,2,7,26,31,44,47,36
2015-11-13,104000096,1,11,16,18,31,33,19
2015-11-10,104000095,7,10,11,27,28,45,21
2015-11-06,104000094,8,24,27,30,45,49,42
2015-11-03,104000093,8,16,22,28,45,48,13
2015-10-30,104000092,3,6,8,15,20,30,40
2015-10-27,104000091,7,8,10,17,34,36,43
2015-10-23,104000090,1,16,41,43,46,47,25
2015-10-20,104000089,12,17,32,37,38,39,27
2015-10-16,104000088,20,25,29,31,40,44,21
2015-10-13,104000087,24,29,31,32,44,49,39
2015-10-09,104000086,2,8,22,27,35,43,24
2015-10-06,104000085,3,8,10,28,38,47,13
2015-10-02,104000084,11,15,36,41,44,45,35
2015-09-29,104000083,1,3,25,31,35,44,15
2015-09-25,104000082,9,13,21,25,38,39,2
2015-09-22,104000081,6,10,39,44,46,47,30
2015-09-18,104000080,6,16,17,36,37,41,28
2015-09-15,104000079,2,13,30,31,34,44,39
2015-09-11,104000078,5,10,18,29,41,44,30
2015-09-08,104000077,8,28,31,32,36,43,9
2015-09-04,104000076,19,20,44,46,47,49,9
2015-09-01,104000075,9,18,19,20,40,48,3
2015-08-28,104000074,8,11,12,15,40,46,16
2015-08-25,104000073,13,15,22,26,45,47,49
2015-08-21,104000072,10,15,20,21,27,36,45
2015-08-18,104000071,8,20,29,30,42,49,21
2015-08-14,104000070,5,13,14,23,24,42,35
2015-08-11,104000069,1,2,35,43,45,46,14
2015-08-07,104000068,25,26,27,28,36,37,38
2015-08-04,104000067,3,12,17,19,38,48,43
2015-07-31,104000066,13,16,18,30,32,40,29
2015-07-28,104000065,6,15,27,32,44,49,16
2015-07-24,104000064,10,12,25,33,39,42,29
2015-07-21,104000063,8,9,16,39,40,44,28
2015-07-17,104000062,4,7,20,27,33,40,38
2015-07-14,104000061,10,12,14,19,30,45,41
2015-07-10,104000060,5,6,13,26,29,47,33
2015-07-07,104000059,1,14,27,33,42,46,41
2015-07-03,104000058,21,23,28,29,41,46,24
2015-06-30,104000057,18,19,32,35,46,48,47
2015-06-26,104000056,5,6,12,28,29,41,7
2015-06-23,104000055,2,13,33,35,43,45,5
2015-06-19,104000054,3,5,11,18,25,38,15
2015-06-16,104000053,3,4,25,35,41,45,7
2015-06-12,104000052,8,19,22,24,26,28,18
2015-06-09,104000051,3,20,27,34,37,44,12
2015-06-05,104000050,8,21,32,35,41,48,34
2015-06-02,104000049,1,7,19,20,46,47,13
2015-05-29,104000048,2,5,11,28,32,34,24
2015-05-26,104000047,2,10,11,20,26,45,30
2015-05-22,104000046,3,21,23,28,37,43,5
2015-05-19,104000045,15,16,29,39,42,46,14
2015-05-15,104000044,3,6,18,27,29,32,40
2015-05-12,104000043,1,13,23,29,31,33,17
2015-05-08,104000042,2,10,15,28,44,49,39
2015-05-05,104000041,8,28,41,42,44,49,30
2015-05-01,104000040,8,15,25,29,47,49,9
2015-04-28,104000039,3,5,12,26,36,44,23
2015-04-24,104000038,13,25,31,35,41,46,49
2015-04-21,104000037,1,3,11,22,29,33,30
2015-04-17,104000036,26,32,33,36,45,47,39
2015-04-14,104000035,1,22,23,38,48,49,11
2015-04-10,104000034,10,11,17,20,42,44,13
2015-04-07,104000033,11,17,19,33,45,47,4
2015-04-03,104000032,13,32,36,40,42,43,41
2015-03-31,104000031,2,4,13,25,32,43,15
2015-03-27,104000030,12,13,15,18,24,36,39
2015-03-24,104000029,3,4,6,9,17,24,28
2015-03-20,104000028,4,7,9,13,29,46,8
2015-03-17,104000027,5,32,36,40,42,49,1
2015-03-13,104000026,6,9,14,16,22,33,11
2015-03-10,104000025,3,11,25,34,46,47,42
2015-03-06,104000024,6,21,22,35,37,44,29
2015-03-03,104000023,4,6,11,41,43,46,21
2015-02-27,104000022,2,6,27,34,38,43,45
2015-02-24,104000021,3,28,39,41,46,48,9
2015-02-23,104000020,14,20,21,32,38,43,23
2015-02-22,104000019,3,6,12,34,37,43,28
2015-02-21,104000018,2,5,11,17,27,40,20
2015-02-20,104000017,5,9,10,28,29,45,41
2015-02-19,104000016,7,25,27,31,40,49,11
2015-02-18,104000015,3,6,15,16,27,31,14
2015-02-17,104000014,3,11,15,23,40,46,13
2015-02-13,104000013,1,9,15,25,29,35,38
2015-02-10,104000012,14,15,26,29,35,44,9
2015-02-06,104000011,5,11,29,36,42,46,48
2015-02-03,104000010,5,13,15,16,18,30,8
2015-01-30,104000009,3,14,24,35,39,44,28
2015-01-27,104000008,4,9,15,21,27,45,6
2015-01-23,104000007,8,16,20,38,39,42,29
2015-01-20,104000006,9,24,28,35,45,47,48
2015-01-16,104000005,2,17,28,32,38,46,49
2015-01-13,104000004,2,14,16,22,37,46,49
2015-01-09,104000003,7,8,18,21,23,24,11
2015-01-06,104000002,11,16,29,30,37,43,13
2015-01-02,104000001,13,22,23,29,31,48,6
2014-12-30,103000108,7,30,32,44,48,49,45
2014-12-26,103000107,9,27,32,42,45,49,30
2014-12-23,103000106,3,27,30,31,32,39,35
2014-12-19,103000105,1,9,24,32,41,49,40
2014-12-16,103000104,17,28,32,34,35,45,8
2014-12-12,103000103,7,8,24,29,32,48,37
2014-12-09,103000102,7,9,23,33,41,43,24
2014-12-05,103000101,11,18,30,34,37,47,17
2014-12-02,103000100,9,11,13,23,26,42,47
2014-11-28,103000099,1,10,21,35,40,44,36
2014-11-25,103000098,1,15,16,32,44,48,40
2014-11-21,103000097,2,3,22,26,32,34,40
2014-11-18,103000096,11,12,20,26,28,43,6
2014-11-14,103000095,15,16,29,34,41,44,49
2014-11-11,103000094,5,11,18,23,36,43,14
2014-11-07,103000093,11,19,25,27,40,49,33
2014-11-04,103000092,3,20,30,35,38,41,47
2014-10-31,103000091,2,8,10,14,27,49,20
2014-10-28,103000090,5,16,25,32,37,44,21
2014-10-24,103000089,1,17,20,36,37,45,15
2014-10-21,103000088,14,28,31,38,42,44,45
2014-10-17,103000087,2,11,20,32,33,36,39
2014-10-14,103000086,9,10,14,20,36,47,8
2014-10-10,103000085,1,11,19,24,26,28,33
2014-10-07,103000084,17,18,40,41,45,47,29
2014-10-03,103000083,10,14,19,24,35,37,39
2014-09-30,103000082,18,35,36,41,47,49,15
2014-09-26,103000081,8,15,19,22,29,37,39
2014-09-23,103000080,2,11,20,28,32,38,16
2014-09-19,103000079,2,6,17,29,32,39,4
2014-09-16,103000078,7,12,16,18,19,41,45
2014-09-12,103000077,2,23,27,31,36,49,15
2014-09-09,103000076,21,23,29,41,42,49,14
2014-09-05,103000075,10,16,25,27,32,36,45
2014-09-02,103000074,7,8,36,39,42,43,22
2014-08-29,103000073,9,10,21,23,38,39,35
2014-08-26,103000072,1,17,19,23,32,43,9
2014-08-22,103000071,8,16,23,30,31,43,18
2014-08-19,103000070,6,7,9,12,14,19,17
2014-08-15,103000069,18,23,29,46,47,48,5
2014-08-12,103000068,4,6,10,12,34,45,44
2014-08-08,103000067,26,31,32,38,42,45,37
2014-08-05,103000066,4,11,26,33,40,42,34
2014-08-01,103000065,5,8,21,23,32,45,18
2014-07-29,103000064,31,32,34,36,44,47,46
2014-07-25,103000063,5,21,30,32,35,45,26
2014-07-22,103000062,3,9,13,17,28,42,14
2014-07-18,103000061,1,2,15,19,21,30,40
2014-07-15,103000060,7,18,23,32,34,48,13
2014-07-11,103000059,1,7,14,15,18,30,33
2014-07-08,103000058,10,22,25,33,39,47,38
2014-07-04,103000057,3,14,17,24,27,48,28
2014-07-01,103000056,6,7,8,9,21,48,18
2014-06-27,103000055,13,21,27,34,35,36,24
2014-06-24,103000054,1,8,12,14,40,41,15
2014-06-20,103000053,12,14,16,33,36,47,48
2014-06-17,103000052,3,6,18,20,25,48,12
2014-06-13,103000051,4,21,28,32,37,42,16
2014-06-10,103000050,3,11,28,32,33,35,30
2014-06-06,103000049,25,29,40,41,47,49,48
2014-06-03,103000048,16,31,32,33,35,44,46
2014-05-30,103000047,9,17,21,24,30,35,15
2014-05-27,103000046,10,19,23,26,32,39,16
2014-05-23,103000045,11,17,22,27,30,46,15
2014-05-20,103000044,6,13,30,33,34,35,38
2014-05-16,103000043,14,31,38,41,42,45,29
2014-05-13,103000042,15,20,29,31,32,44,23
2014-05-09,103000041,1,11,13,21,27,37,3
2014-05-06,103000040,10,25,35,39,40,46,31
2014-05-02,103000039,1,7,23,25,37,40,12
2014-04-29,103000038,2,9,27,30,44,46,22
2014-04-25,103000037,4,24,34,35,38,46,30
2014-04-22,103000036,11,12,15,18,20,37,42
2014-04-18,103000035,8,9,15,40,44,48,24
2014-04-15,103000034,5,8,24,26,35,44,41
2014-04-11,103000033,1,3,4,9,12,17,15
2014-04-08,103000032,1,14,17,27,28,45,11
2014-04-04,103000031,8,24,35,37,41,47,23
2014-04-01,103000030,18,22,29,30,46,47,6
2014-03-28,103000029,9,18,23,35,36,47,41
2014-03-25,103000028,19,23,25,30,42,47,16
2014-03-21,103000027,8,18,26,31,46,47,20
2014-03-18,103000026,12,26,28,35,39,40,16
2014-03-14,103000025,2,8,27,40,41,47,28
2014-03-11,103000024,13,15,16,20,40,43,14
2014-03-07,103000023,6,18,26,30,37,38,16
2014-03-04,103000022,8,26,35,37,40,43,6
2014-02-28,103000021,13,17,18,24,28,32,37
2014-02-25,103000020,3,5,9,12,13,46,4
2014-02-21,103000019,11,12,23,28,40,48,9
2014-02-18,103000018,6,19,20,26,32,47,35
2014-02-14,103000017,10,19,20,24,33,48,1
2014-02-11,103000016,6,15,21,22,31,44,41
2014-02-07,103000015,5,11,12,21,22,28,25
2014-02-04,103000014,8,12,19,32,42,46,28
2014-02-03,103000013,1,2,16,17,27,30,48
2014-02-02,103000012,3,13,14,19,24,45,5
2014-02-01,103000011,6,9,13,19,36,37,27
2014-01-31,103000010,17,23,27,38,48,49,19
2014-01-30,103000009,9,22,44,45,48,49,8
2014-01-28,103000008,1,2,5,7,26,30,24
2014-01-24,103000007,1,4,20,29,41,45,36
2014-01-21,103000006,12,15,22,38,43,44,9
2014-01-17,103000005,13,15,20,26,29,36,37
2014-01-14,103000004,2,11,21,41,45,49,26
2014-01-10,103000003,7,17,19,30,32,37,3
2014-01-07,103000002,1,7,21,25,35,36,39
2014-01-03,103000001,11,18,20,21,35,37,8
2013-12-31,102000108,5,27,29,36,40,42,35
2013-12-27,102000107,2,12,16,31,39,43,18
2013-12-24,102000106,9,21,24,33,36,43,3
2013-12-20,102000105,8,9,14,17,25,45,27
2013-12-17,102000104,1,4,9,14,22,28,20
2013-12-13,102000103,10,16,26,28,41,48,42
2013-12-10,102000102,6,11,27,34,42,49,21
2013-12-06,102000101,4,6,8,10,15,36,13
2013-12-03,102000100,8,10,17,38,44,49,40
2013-11-29,102000099,2,8,13,19,30,31,20
2013-11-26,102000098,1,10,11,15,20,21,26
2013-11-22,102000097,8,9,11,24,40,47,33
2013-11-19,102000096,15,16,33,35,36,46,21
2013-11-15,102000095,2,4,18,31,36,43,8
2013-11-12,102000094,3,12,22,23,29,46,33
2013-11-08,102000093,1,3,28,30,33,39,34
2013-11-05,102000092,3,12,27,29,37,46,17
2013-11-01,102000091,6,16,26,31,36,46,9
2013-10-29,102000090,1,4,21,30,39,42,44
2013-10-25,102000089,3,8,10,11,35,36,39
2013-10-22,102000088,7,8,16,23,32,39,22
2013-10-18,102000087,9,11,17,39,40,43,46
2013-10-15,102000086,8,13,16,20,22,28,49
2013-10-11,102000085,2,10,32,37,46,49,28
2013-10-08,102000084,4,6,7,11,26,31,38
2013-10-04,102000083,7,12,18,25,28,48,46
2013-10-01,102000082,1,4,14,17,23,46,41
2013-09-27,102000081,1,12,18,19,38,46,2
2013-09-24,102000080,7,9,15,23,34,35,41
2013-09-20,102000079,6,12,19,28,39,47,36
2013-09-17,102000078,1,8,17,19,40,46,15
2013-09-13,102000077,12,16,26,27,28,45,6
2013-09-10,102000076,1,10,14,34,42,47,9
2013-09-06,102000075,6,7,14,33,36,48,18
2013-09-03,102000074,11,13,22,29,39,48,45
2013-08-30,102000073,2,21,24,27,36,46,5
2013-08-27,102000072,5,8,11,14,15,36,46
2013-08-23,102000071,5,11,12,14,31,35,26
2013-08-20,102000070,5,7,16,28,31,49,34
2013-08-16,102000069,4,17,24,27,29,40,9
2013-08-13,102000068,12,14,16,34,37,48,7
2013-08-09,102000067,3,4,12,13,24,30,9
2013-08-06,102000066,1,4,17,27,32,48,6
2013-08-02,102000065,7,27,43,44,45,46,35
2013-07-30,102000064,6,15,16,22,43,45,48
2013-07-26,102000063,8,17,21,34,39,45,44
2013-07-23,102000062,4,17,24,27,35,49,39
2013-07-19,102000061,3,5,9,15,30,49,48
2013-07-16,102000060,10,13,16,29,31,37,32
2013-07-12,102000059,15,24,29,34,47,48,31
2013-07-09,102000058,19,24,28,29,41,43,37
2013-07-05,102000057,11,14,28,39,40,45,42
2013-07-02,102000056,1,5,18,21,40,44,22
2013-06-28,102000055,22,26,31,42,44,49,29
2013-06-25,102000054,7,18,26,28,34,38,5
2013-06-21,102000053,10,29,35,39,41,44,7
2013-06-18,102000052,4,11,25,36,41,43,27
2013-06-14,102000051,4,16,22,32,35,47,43
2013-06-11,102000050,16,20,34,42,46,49,4
2013-06-07,102000049,3,14,29,33,39,48,22
2013-06-04,102000048,14,19,34,43,46,47,42
2013-05-31,102000047,3,6,10,33,39,44,37
2013-05-28,102000046,7,10,16,17,30,43,23
2013-05-24,102000045,10,27,28,31,37,41,34
2013-05-21,102000044,24,29,35,39,42,49,48
2013-05-17,102000043,5,10,16,22,23,24,31
2013-05-14,102000042,1,6,7,27,30,39,21
2013-05-10,102000041,2,17,25,32,39,43,34
2013-05-07,102000040,9,11,14,25,33,35,2
2013-05-03,102000039,1,4,8,22,32,45,2
2013-04-30,102000038,10,30,32,37,46,47,16
2013-04-26,102000037,15,17,19,30,40,47,25
2013-04-23,102000036,12,15,29,31,36,45,40
2013-04-19,102000035,3,36,37,40,42,48,17
2013-04-16,102000034,6,18,40,43,45,48,24
2013-04-12,102000033,1,3,18,22,29,32,21
2013-04-09,102000032,7,16,35,45,47,48,39
2013-04-05,102000031,4,7,13,17,21,35,33
2013-04-02,102000030,11,15,20,23,26,35,31
2013-03-29,102000029,2,3,8,15,24,46,36
2013-03-26,102000028,1,9,20,28,39,42,47
2013-03-22,102000027,5,7,13,23,24,30,1
2013-03-19,102000026,1,12,25,37,39,40,18
2013-03-15,102000025,5,13,23,37,43,44,26
2013-03-12,102000024,16,20,35,46,47,49,31
2013-03-08,102000023,12,13,16,29,44,45,30
2013-03-05,102000022,5,24,30,35,36,38,11
2013-03-01,102000021,1,26,34,35,36,37,7
2013-02-26,102000020,8,15,21,30,36,39,17
2013-02-22,102000019,7,9,17,25,28,35,36
2013-02-19,102000018,7,23,24,28,32,40,8
2013-02-15,102000017,2,8,17,30,34,40,26
2013-02-12,102000016,3,13,19,24,27,38,40
2013-02-11,102000015,6,16,40,45,46,48,31
2013-02-10,102000014,9,10,12,21,31,35,19
2013-02-09,102000013,5,11,17,22,30,34,10
2013-02-08,102000012,4,11,22,26,38,47,13
2013-02-05,102000011,8,15,19,25,30,38,6
2013-02-01,102000010,1,26,28,37,39,46,3
2013-01-29,102000009,3,7,31,32,34,43,41
2013-01-25,102000008,2,4,11,18,48,49,38
2013-01-22,102000007,2,14,23,25,31,47,48
2013-01-18,102000006,22,27,30,33,37,46,24
2013-01-15,102000005,2,8,32,34,44,46,14
2013-01-11,102000004,1,10,24,33,44,48,37
2013-01-08,102000003,5,6,14,19,27,33,31
2013-01-04,102000002,1,7,24,31,35,47,21
2013-01-01,102000001,3,4,22,32,33,49,21
2012-12-28,101000104,5,14,18,28,37,42,19
2012-12-25,101000103,12,18,25,32,41,47,7
2012-12-21,101000102,13,17,22,25,31,48,26
2012-12-18,101000101,5,7,10,15,19,44,49
2012-12-14,101000100,8,11,17,21,28,49,37
2012-12-11,101000099,5,12,14,22,38,44,25
2012-12-07,101000098,8,11,13,19,23,28,49
2012-12-04,101000097,2,23,29,30,41,43,16
2012-11-30,101000096,5,18,26,31,37,43,8
2012-11-27,101000095,5,9,13,18,19,31,32
2012-11-23,101000094,2,3,4,14,18,46,25
2012-11-20,101000093,6,20,23,24,27,34,16
2012-11-16,101000092,17,18,32,33,41,42,12
2012-11-13,101000091,2,11,14,22,25,31,26
2012-11-09,101000090,9,25,31,37,38,45,21
2012-11-06,101000089,8,13,41,42,47,48,29
2012-11-02,101000088,4,18,24,36,37,38,31
2012-10-30,101000087,10,14,20,25,36,46,2
2012-10-26,101000086,1,17,20,28,32,41,13
2012-10-23,101000085,2,7,19,20,25,46,43
2012-10-19,101000084,13,25,27,39,45,49,11
2012-10-16,101000083,2,3,28,35,44,45,36
2012-10-12,101000082,5,11,12,30,43,48,15
2012-10-09,101000081,8,15,18,30,31,41,45
2012-10-05,101000080,9,17,18,33,44,47,8
2012-10-02,101000079,1,3,7,9,28,40,45
2012-09-28,101000078,4,6,22,41,42,47,18
2012-09-25,101000077,18,19,34,35,45,49,16
2012-09-21,101000076,22,29,30,36,37,42,9
2012-09-18,101000075,12,13,18,39,44,48,35
2012-09-14,101000074,20,31,32,33,37,38,39
2012-09-11,101000073,3,4,21,30,31,48,15
2012-09-07,101000072,7,17,19,24,30,44,31
2012-09-04,101000071,10,21,32,36,40,48,9
2012-08-31,101000070,18,28,31,34,36,45,42
2012-08-28,101000069,1,3,6,30,38,41,46
2012-08-24,101000068,7,34,35,42,43,47,29
2012-08-21,101000067,6,29,40,44,46,47,33
2012-08-17,101000066,7,38,39,43,47,48,29
2012-08-14,101000065,2,19,27,31,38,49,32
2012-08-10,101000064,1,3,14,24,26,45,38
2012-08-07,101000063,12,23,28,29,43,47,26
2012-08-03,101000062,13,14,18,27,29,44,21
2012-07-31,101000061,1,24,28,33,43,44,31
2012-07-27,101000060,5,7,9,22,27,34,45
2012-07-24,101000059,5,11,21,24,37,39,13
2012-07-20,101000058,11,14,22,34,41,44,27
2012-07-17,101000057,17,19,22,25,30,37,31
2012-07-13,101000056,8,15,28,35,41,46,11
2012-07-10,101000055,3,16,26,28,31,41,45
2012-07-06,101000054,4,11,18,19,27,31,24
2012-07-03,101000053,11,18,21,34,41,49,47
2012-06-29,101000052,9,11,30,36,39,45,26
2012-06-26,101000051,1,6,7,12,16,41,49
2012-06-22,101000050,6,24,28,36,38,44,8
2012-06-19,101000049,1,5,17,19,26,46,47
2012-06-15,101000048,9,15,23,38,47,49,36
2012-06-12,101000047,3,21,29,33,35,40,45
2012-06-08,101000046,1,9,24,45,46,49,12
2012-06-05,101000045,11,13,16,35,40,49,39
2012-06-01,101000044,4,18,31,34,39,44,49
2012-05-29,101000043,5,22,38,43,46,49,13
2012-05-25,101000042,1,17,22,26,33,40,11
2012-05-22,101000041,1,8,13,18,28,49,6
2012-05-18,101000040,13,23,25,31,39,46,41
2012-05-15,101000039,1,30,35,44,47,49,46
2012-05-11,101000038,10,22,29,30,33,37,27
2012-05-08,101000037,6,23,24,25,29,30,47
2012-05-04,101000036,4,11,17,23,31,39,14
2012-05-01,101000035,5,7,21,22,31,43,4
2012-04-27,101000034,13,22,24,35,40,45,37
2012-04-24,101000033,9,14,19,21,39,47,11
2012-04-20,101000032,2,3,25,44,45,48,31
2012-04-17,101000031,19,23,25,26,31,43,10
2012-04-13,101000030,1,4,9,20,25,35,43
2012-04-10,101000029,6,19,27,31,33,42,13
2012-04-06,101000028,4,5,14,36,37,40,25
2012-04-03,101000027,8,22,23,39,44,47,36
2012-03-30,101000026,1,20,21,28,36,38,30
2012-03-27,101000025,16,18,23,27,28,29,19
2012-03-23,101000024,22,31,36,37,43,44,11
2012-03-20,101000023,4,5,7,13,26,46,24
2012-03-16,101000022,26,27,28,30,31,43,8
2012-03-13,101000021,6,24,46,47,48,49,40
2012-03-09,101000020,10,21,41,44,45,48,32
2012-03-06,101000019,2,5,17,20,25,48,14
2012-03-02,101000018,2,6,15,21,31,45,24
2012-02-28,101000017,2,30,32,36,43,47,49
2012-02-24,101000016,2,6,13,15,17,43,4
2012-02-21,101000015,2,21,32,39,42,46,19
2012-02-17,101000014,14,15,26,30,38,44,19
2012-02-14,101000013,2,11,19,21,33,45,40
2012-02-10,101000012,5,16,19,29,41,43,37
2012-02-07,101000011,7,22,27,33,39,41,13
2012-02-03,101000010,5,8,20,32,34,35,17
2012-01-31,101000009,1,11,14,15,19,33,42
2012-01-27,101000008,3,20,21,22,34,40,44
2012-01-24,101000007,8,21,29,38,44,45,20
2012-01-20,101000006,10,12,22,30,39,44,9
2012-01-17,101000005,4,10,22,35,42,46,32
2012-01-13,101000004,22,36,42,43,46,48,21
2012-01-10,101000003,3,21,23,27,45,47,40
2012-01-06,101000002,10,14,23,35,41,46,19
2012-01-03,101000001,9,19,26,34,38,40,37
2011-12-30,100000104,12,13,15,28,30,37,3
2011-12-27,100000103,1,8,23,24,30,32,14
2011-12-23,100000102,6,17,27,31,40,48,28
2011-12-20,100000101,5,7,9,26,27,34,8
2011-12-16,100000100,10,31,35,36,41,44,34
2011-12-13,100000099,2,23,30,36,44,48,24
2011-12-09,100000098,10,37,38,39,40,45,18
2011-12-06,100000097,3,13,14,18,22,38,6
2011-12-02,100000096,23,27,31,37,39,45,6
2011-11-29,100000095,1,7,11,14,35,36,10
2011-11-25,100000094,8,10,27,30,36,43,48
2011-11-22,100000093,16,21,37,40,41,46,27
2011-11-18,100000092,10,11,12,15,16,45,19
2011-11-15,100000091,12,19,21,35,42,46,40
2011-11-11,100000090,4,19,20,29,32,36,30
2011-11-08,100000089,2,11,22,35,39,40,36
2011-11-04,100000088,2,7,8,14,21,38,11
2011-11-01,100000087,4,7,13,14,21,29,22
2011-10-28,100000086,5,15,24,27,33,36,1
2011-10-25,100000085,2,5,24,28,33,44,4
2011-10-21,100000084,20,33,34,35,41,43,4
2011-10-18,100000083,4,8,19,32,44,46,21
2011-10-14,100000082,7,8,21,23,26,39,28
2011-10-11,100000081,2,6,18,33,34,43,28
2011-10-07,100000080,1,6,13,16,30,33,3
2011-10-04,100000079,2,8,15,26,29,49,3
2011-09-30,100000078,10,11,24,34,44,48,31
2011-09-27,100000077,3,9,23,26,31,42,41
2011-09-23,100000076,14,16,23,27,28,44,40
2011-09-20,100000075,2,25,27,28,34,37,42
2011-09-16,100000074,15,23,28,30,36,48,45
2011-09-13,100000073,2,8,11,38,41,48,18
2011-09-09,100000072,1,8,12,15,36,47,10
2011-09-06,100000071,2,9,23,29,38,41,8
2011-09-02,100000070,2,5,22,24,30,35,42
2011-08-30,100000069,10,12,26,36,37,48,34
2011-08-26,100000068,10,31,32,33,43,45,30
2011-08-23,100000067,5,23,29,32,36,42,14
2011-08-19,100000066,13,18,30,32,41,48,45
2011-08-16,100000065,26,30,37,38,42,43,32
2011-08-12,100000064,2,12,14,22,40,45,4
2011-08-09,100000063,25,27,33,38,40,49,12
2011-08-05,100000062,3,20,24,25,28,49,30
2011-08-02,100000061,17,24,27,28,42,45,31
2011-07-29,100000060,6,19,28,37,38,46,42
2011-07-26,100000059,2,8,13,29,35,36,14
2011-07-22,100000058,4,5,6,8,22,38,42
2011-07-19,100000057,2,17,20,37,47,49,36
2011-07-15,100000056,17,23,27,30,43,49,31
2011-07-12,100000055,8,24,31,35,37,41,19
2011-07-08,100000054,16,18,35,37,43,47,7
2011-07-05,100000053,1,2,15,18,28,32,26
2011-07-01,100000052,9,23,25,31,44,49,2
2011-06-28,100000051,11,13,15,23,27,33,4
2011-06-24,100000050,11,19,21,27,38,39,24
2011-06-21,100000049,1,10,13,40,42,46,41
2011-06-17,100000048,1,2,19,31,47,48,36
2011-06-14,100000047,5,17,21,31,33,48,25
2011-06-10,100000046,6,10,19,29,37,41,9
2011-06-07,100000045,3,8,22,27,31,39,14
2011-06-03,100000044,8,12,13,15,35,46,30
2011-05-31,100000043,5,9,15,32,38,43,12
2011-05-27,100000042,5,10,24,32,43,48,4
2011-05-24,100000041,1,16,19,24,25,26,21
2011-05-20,100000040,2,33,34,42,44,47,10
2011-05-17,100000039,1,3,11,15,26,48,28
2011-05-13,100000038,16,19,21,29,36,42,10
2011-05-10,100000037,5,12,25,35,38,42,28
2011-05-06,100000036,6,22,23,24,36,44,3
2011-05-03,100000035,10,15,18,24,28,43,35
2011-04-29,100000034,1,7,16,17,22,23,19
2011-04-26,100000033,20,37,39,40,41,45,8
2011-04-22,100000032,4,21,22,26,36,46,41
2011-04-19,100000031,22,35,37,41,46,47,24
2011-04-15,100000030,15,28,37,38,42,47,33
2011-04-12,100000029,4,6,14,24,29,33,45
2011-04-08,100000028,9,10,23,29,37,38,44
2011-04-05,100000027,8,10,20,24,28,29,32
2011-04-01,100000026,14,20,30,32,35,43,33
2011-03-29,100000025,4,10,12,18,22,40,24
2011-03-25,100000024,1,18,35,39,43,48,2
2011-03-22,100000023,6,8,20,24,36,47,27
2011-03-18,100000022,3,15,23,30,36,37,28
2011-03-15,100000021,4,19,28,29,30,41,10
2011-03-11,100000020,5,11,13,21,22,42,25
2011-03-08,100000019,1,6,24,25,32,47,38
2011-03-04,100000018,12,16,18,22,23,27,41
2011-03-01,100000017,3,8,14,27,31,48,23
2011-02-25,100000016,2,3,20,28,36,44,21
2011-02-22,100000015,13,15,20,32,35,39,11
2011-02-18,100000014,14,20,23,26,37,38,33
2011-02-15,100000013,9,12,15,24,33,35,18
2011-02-11,100000012,3,4,7,34,36,45,24
2011-02-08,100000011,5,6,23,31,39,41,16
2011-02-04,100000010,10,33,41,42,47,49,3
2011-02-01,100000009,1,6,17,25,40,42,15
2011-01-28,100000008,3,4,13,18,24,42,47
2011-01-25,100000007,12,13,17,21,31,39,20
2011-01-21,100000006,2,32,36,37,39,43,3
2011-01-18,100000005,15,38,40,42,46,47,17
2011-01-14,100000004,16,17,20,32,39,45,46
2011-01-11,100000003,7,10,11,12,14,20,41
2011-01-07,100000002,11,13,34,35,47,49,20
2011-01-04,100000001,14,19,23,35,37,47,42
2010-12-31,99000105,4,9,27,36,38,39,2
2010-12-28,99000104,2,13,17,27,31,36,18
2010-12-24,99000103,16,27,39,43,48,49,1
2010-12-21,99000102,1,12,23,35,38,45,26
2010-12-17,99000101,9,25,28,30,35,41,12
2010-12-14,99000100,15,16,17,20,32,41,8
2010-12-10,99000099,1,17,22,26,29,33,3
2010-12-07,99000098,21,22,30,37,38,49,34
2010-12-03,99000097,17,23,33,38,43,48,19
2010-11-30,99000096,7,8,24,34,36,38,16
2010-11-26,99000095,18,22,23,35,44,49,26
2010-11-23,99000094,2,3,26,30,32,48,41
2010-11-19,99000093,3,6,40,43,44,45,41
2010-11-16,99000092,2,7,10,12,15,43,22
2010-11-12,99000091,3,10,23,36,37,39,15
2010-11-09,99000090,5,7,21,30,31,36,49
2010-11-05,99000089,5,8,13,16,28,47,46
2010-11-02,99000088,4,5,21,34,36,39,28
2010-10-29,99000087,4,13,19,26,27,28,33
2010-10-26,99000086,3,14,22,35,43,44,26
2010-10-22,99000085,1,4,8,13,18,49,3
2010-10-19,99000084,12,21,27,35,36,37,8
2010-10-15,99000083,1,11,20,28,30,46,10
2010-10-12,99000082,8,9,10,20,31,40,25
2010-10-08,99000081,3,11,14,39,41,48,6
2010-10-05,99000080,14,16,21,32,35,43,49
2010-10-01,99000079,8,12,23,37,38,48,20
2010-09-28,99000078,3,4,19,22,32,40,11
2010-09-24,99000077,2,8,29,36,42,44,22
2010-09-21,99000076,1,22,35,38,39,45,8
2010-09-17,99000075,12,13,24,34,35,39,14
2010-09-14,99000074,1,2,19,22,26,44,3
2010-09-10,99000073,10,14,18,41,42,49,24
2010-09-07,99000072,3,4,8,16,41,43,22
2010-09-03,99000071,5,7,18,20,38,47,37
2010-08-31,99000070,4,7,20,23,31,43,47
2010-08-27,99000069,8,14,27,30,42,47,29
2010-08-24,99000068,6,8,30,45,47,48,29
2010-08-20,99000067,8,21,28,33,38,44,27
2010-08-17,99000066,6,14,18,19,20,42,9
2010-08-13,99000065,2,13,22,30,36,48,9
2010-08-10,99000064,3,24,25,28,38,40,11
2010-08-06,99000063,10,19,21,22,28,47,39
2010-08-03,99000062,3,13,15,25,29,49,9
2010-07-30,99000061,8,11,12,14,23,36,45
2010-07-27,99000060,3,15,33,38,44,49,30
2010-07-23,99000059,8,15,22,42,43,49,7
2010-07-20,99000058,5,22,23,27,29,43,47
2010-07-16,99000057,16,17,18,20,32,45,9
2010-07-13,99000056,2,5,8,15,31,34,12
2010-07-09,99000055,11,24,25,32,33,35,23
2010-07-06,99000054,5,11,21,25,43,48,31
2010-07-02,99000053,7,10,20,23,32,45,17
2010-06-29,99000052,1,4,11,18,20,48,5
2010-06-25,99000051,11,24,27,39,46,47,20
2010-06-22,99000050,9,15,26,28,36,42,40
2010-06-18,99000049,2,5,15,20,26,48,8
2010-06-15,99000048,2,4,17,20,27,44,24
2010-06-11,99000047,1,20,21,27,42,43,26
2010-06-08,99000046,8,24,25,40,42,46,10
2010-06-04,99000045,11,15,27,28,37,39,4
2010-06-01,99000044,2,5,15,28,35,40,1
2010-05-28,99000043,3,18,19,20,26,43,10
2010-05-25,99000042,1,20,30,32,34,43,3
2010-05-21,99000041,4,12,16,27,44,47,39
2010-05-18,99000040,3,6,14,27,28,33,5
2010-05-14,99000039,3,6,16,21,28,47,18
2010-05-11,99000038,11,13,29,33,42,45,2
2010-05-07,99000037,19,23,28,32,38,49,20
2010-05-04,99000036,4,15,23,32,34,35,18
2010-04-30,99000035,8,35,36,37,39,44,20
2010-04-27,99000034,12,14,16,34,35,48,43
2010-04-23,99000033,3,4,30,45,47,49,27
2010-04-20,99000032,2,7,21,23,32,41,42
2010-04-16,99000031,1,24,30,31,34,40,43
2010-04-13,99000030,12,14,34,42,46,49,25
2010-04-09,99000029,4,5,29,36,40,49,26
2010-04-06,99000028,9,23,27,28,31,41,44
2010-04-02,99000027,1,6,16,21,41,48,12
2010-03-30,99000026,16,37,41,46,47,49,14
2010-03-26,99000025,9,17,19,23,35,36,34
2010-03-23,99000024,11,22,28,35,37,48,49
2010-03-19,99000023,5,8,18,22,29,49,47
2010-03-16,99000022,26,36,37,39,41,46,4
2010-03-12,99000021,18,19,23,31,35,38,22
2010-03-09,99000020,5,7,12,14,16,36,4
2010-03-05,99000019,3,15,21,22,35,38,4
2010-03-02,99000018,2,3,9,33,34,38,45
2010-02-26,99000017,5,6,22,32,34,47,1
2010-02-23,99000016,5,19,23,40,45,48,6
2010-02-19,99000015,12,14,27,30,37,43,36
2010-02-16,99000014,5,26,29,36,43,49,12
2010-02-12,99000013,1,14,23,31,32,40,35
2010-02-09,99000012,9,13,32,34,35,45,38
2010-02-05,99000011,1,5,14,19,33,36,16
2010-02-02,99000010,9,15,18,21,27,41,46
2010-01-29,99000009,16,18,29,34,44,49,8
2010-01-26,99000008,25,26,28,33,39,40,10
2010-01-22,99000007,3,23,24,31,32,46,47
2010-01-19,99000006,13,24,25,32,35,45,5
2010-01-15,99000005,4,7,26,41,47,49,3
2010-01-12,99000004,1,23,34,36,46,48,18
2010-01-08,99000003,1,8,19,21,43,45,30
2010-01-05,99000002,11,18,24,32,38,40,47
2010-01-01,99000001,2,16,20,22,23,27,46
2009-12-29,98000104,12,21,25,29,42,48,6
2009-12-25,98000103,9,12,22,30,42,47,27
2009-12-22,98000102,10,11,14,24,27,47,32
2009-12-18,98000101,3,16,32,42,43,45,6
2009-12-15,98000100,4,35,38,43,44,48,37
2009-12-11,98000099,12,15,20,29,36,48,31
2009-12-08,98000098,4,16,19,27,32,39,21
2009-12-04,98000097,2,3,13,19,22,39,21
2009-12-01,98000096,11,23,27,29,38,49,40
2009-11-27,98000095,1,5,6,15,19,26,14
2009-11-24,98000094,2,7,13,23,27,40,4
2009-11-20,98000093,5,13,15,20,26,31,35
2009-11-17,98000092,1,4,8,10,34,49,46
2009-11-13,98000091,13,25,32,33,38,47,26
2009-11-10,98000090,2,7,22,25,26,42,44
2009-11-06,98000089,1,2,10,44,45,46,22
2009-11-03,98000088,5,13,20,26,29,34,30
2009-10-30,98000087,4,8,12,20,37,39,30
2009-10-27,98000086,2,12,28,32,42,46,23
2009-10-23,98000085,5,6,18,19,21,34,10
2009-10-20,98000084,1,11,12,14,41,46,45
2009-10-16,98000083,13,15,20,29,30,43,1
2009-10-13,98000082,5,13,28,40,44,49,43
2009-10-09,98000081,10,14,17,33,40,41,12
2009-10-06,98000080,9,14,15,22,26,33,16
2009-10-02,98000079,9,15,25,28,30,35,22
2009-09-29,98000078,17,27,32,37,45,47,25
2009-09-25,98000077,1,9,13,16,33,37,4
2009-09-22,98000076,3,4,8,12,21,42,48
2009-09-18,98000075,2,4,8,9,26,38,23
2009-09-15,98000074,2,4,26,36,43,48,30
2009-09-11,98000073,10,16,18,31,33,48,7
2009-09-08,98000072,8,11,12,15,19,20,34
2009-09-04,98000071,5,28,31,36,40,49,20
2009-09-01,98000070,7,8,12,19,26,36,9
2009-08-28,98000069,12,23,39,44,45,48,47
2009-08-25,98000068,1,7,9,15,21,38,31
2009-08-21,98000067,11,13,32,37,42,43,20
2009-08-18,98000066,11,12,18,31,46,47,27
2009-08-14,98000065,4,8,15,26,39,49,34
2009-08-11,98000064,3,24,27,28,30,46,42
2009-08-07,98000063,1,2,15,26,31,49,43
2009-08-04,98000062,2,21,23,27,44,48,30
2009-07-31,98000061,4,7,9,10,24,42,41
2009-07-28,98000060,2,10,13,15,25,49,4
2009-07-24,98000059,1,3,7,22,40,47,15
2009-07-21,98000058,5,17,27,28,39,48,44
2009-07-17,98000057,9,11,13,16,38,42,6
2009-07-14,98000056,4,5,15,37,41,44,8
2009-07-10,98000055,3,8,21,26,30,46,11
2009-07-07,98000054,2,25,31,37,39,47,35
2009-07-03,98000053,17,19,32,40,41,47,37
2009-06-30,98000052,4,7,9,21,26,34,28
2009-06-26,98000051,6,12,33,38,43,45,49
2009-06-23,98000050,6,21,22,29,43,49,48
2009-06-19,98000049,2,12,19,23,40,42,9
2009-06-16,98000048,3,5,8,10,25,30,15
2009-06-12,98000047,12,13,32,41,43,44,21
2009-06-09,98000046,26,27,35,36,44,49,42
2009-06-05,98000045,6,23,27,42,44,49,15
2009-06-02,98000044,11,12,20,28,34,46,41
2009-05-29,98000043,21,29,30,34,36,45,49
2009-05-26,98000042,3,8,33,39,41,48,32
2009-05-22,98000041,1,2,16,18,32,40,15
2009-05-19,98000040,11,31,32,38,46,48,42
2009-05-15,98000039,5,7,14,15,18,45,11
2009-05-12,98000038,1,3,20,26,39,44,30
2009-05-08,98000037,3,15,19,22,24,31,5
2009-05-05,98000036,12,15,37,42,45,47,29
2009-05-01,98000035,3,5,21,26,38,43,32
2009-04-28,98000034,5,18,29,30,39,43,26
2009-04-24,98000033,13,20,21,24,42,49,43
2009-04-21,98000032,11,16,23,27,36,39,35
2009-04-17,98000031,16,18,21,22,24,38,34
2009-04-14,98000030,2,8,20,23,45,48,43
2009-04-10,98000029,8,9,25,36,40,44,17
2009-04-07,98000028,3,12,24,31,43,46,42
2009-04-03,98000027,6,33,36,42,44,45,48
2009-03-31,98000026,13,16,23,25,31,47,36
2009-03-27,98000025,1,2,18,28,34,40,25
2009-03-24,98000024,2,7,18,21,25,29,32
2009-03-20,98000023,2,7,9,11,18,31,5
2009-03-17,98000022,1,5,18,23,29,35,27
2009-03-13,98000021,9,24,32,45,46,47,33
2009-03-10,98000020,9,13,26,28,36,38,46
2009-03-06,98000019,6,13,21,26,31,32,30
2009-03-03,98000018,7,14,26,28,34,45,9
2009-02-27,98000017,13,17,19,26,34,36,2
2009-02-24,98000016,4,11,23,25,38,46,17
2009-02-20,98000015,1,13,24,34,40,49,37
2009-02-17,98000014,5,16,21,22,36,43,28
2009-02-13,98000013,2,3,7,24,42,45,10
2009-02-10,98000012,9,12,18,30,46,48,42
2009-02-06,98000011,4,7,10,21,27,32,37
2009-02-03,98000010,3,10,14,23,42,43,34
2009-01-30,98000009,2,5,10,23,39,41,48
2009-01-27,98000008,13,14,27,32,35,38,48
2009-01-23,98000007,10,11,21,28,38,40,29
2009-01-20,98000006,7,21,22,23,40,43,34
2009-01-16,98000005,8,24,25,26,33,40,13
2009-01-13,98000004,4,11,18,33,47,48,30
2009-01-09,98000003,4,15,27,30,37,45,19
2009-01-06,98000002,4,15,20,21,29,33,16
2009-01-02,98000001,2,6,23,26,35,38,11
2008-12-30,97000105,3,9,25,26,36,39,35
2008-12-26,97000104,8,15,18,33,37,40,32
2008-12-23,97000103,2,7,23,25,39,45,22
2008-12-19,97000102,3,10,15,30,38,45,41
2008-12-16,97000101,14,25,26,35,39,40,37
2008-12-12,97000100,2,28,34,36,39,42,24
2008-12-09,97000099,1,5,6,16,26,41,48
2008-12-05,97000098,2,3,8,31,40,44,45
2008-12-02,97000097,7,21,29,30,37,49,36
2008-11-28,97000096,1,5,7,16,17,41,20
2008-11-25,97000095,4,15,26,39,46,49,11
2008-11-21,97000094,16,17,21,28,30,37,9
2008-11-18,97000093,14,17,20,29,34,39,7
2008-11-14,97000092,7,15,23,35,36,43,8
2008-11-11,97000091,11,13,33,34,39,45,15
2008-11-07,97000090,15,25,30,33,40,46,18
2008-11-04,97000089,11,13,19,20,32,40,9
2008-10-31,97000088,1,3,9,11,19,47,40
2008-10-28,97000087,2,7,12,14,36,41,35
2008-10-24,97000086,5,6,8,9,14,49,3
2008-10-21,97000085,2,4,7,8,18,30,33
2008-10-17,97000084,5,11,15,19,28,36,46
2008-10-14,97000083,8,28,30,43,44,46,12
2008-10-10,97000082,13,14,20,24,41,47,6
2008-10-07,97000081,1,20,28,29,33,34,40
2008-10-03,97000080,18,19,37,41,45,48,9
2008-09-30,97000079,1,7,9,13,22,27,34
2008-09-26,97000078,15,29,30,36,41,42,39
2008-09-23,97000077,2,9,20,22,29,35,38
2008-09-19,97000076,2,13,23,28,35,48,18
2008-09-16,97000075,2,25,31,32,44,46,7
2008-09-12,97000074,1,9,16,18,34,37,12
2008-09-09,97000073,10,23,27,28,35,46,2
2008-09-05,97000072,2,3,14,22,32,33,24
2008-09-02,97000071,2,3,10,21,25,34,47
2008-08-29,97000070,2,24,25,26,28,46,49
2008-08-26,97000069,2,4,6,18,23,24,32
2008-08-22,97000068,4,5,8,26,31,37,10
2008-08-19,97000067,2,16,25,35,39,43,26
2008-08-15,97000066,8,14,23,24,43,44,4
2008-08-12,97000065,16,22,24,33,43,49,45
2008-08-08,97000064,8,16,20,33,35,49,24
2008-08-05,97000063,5,10,29,41,44,45,6
2008-08-01,97000062,7,11,18,22,37,38,30
2008-07-29,97000061,16,39,41,42,43,45,14
2008-07-25,97000060,7,19,25,29,35,43,1
2008-07-22,97000059,1,17,25,29,30,33,47
2008-07-18,97000058,4,6,9,15,20,38,27
2008-07-15,97000057,6,16,21,36,37,45,40
2008-07-11,97000056,7,21,22,23,34,36,11
2008-07-08,97000055,14,23,32,33,36,42,3
2008-07-04,97000054,6,10,17,21,43,49,33
2008-07-01,97000053,15,20,24,35,43,48,9
2008-06-27,97000052,1,2,9,10,38,41,31
2008-06-24,97000051,2,7,8,20,33,43,4
2008-06-20,97000050,3,20,21,24,28,39,23
2008-06-17,97000049,1,7,15,32,40,41,9
2008-06-13,97000048,7,8,20,21,31,39,6
2008-06-10,97000047,14,19,20,22,34,39,37
2008-06-06,97000046,1,20,22,31,40,42,38
2008-06-03,97000045,1,20,24,27,29,31,4
2008-05-30,97000044,8,11,12,20,32,42,30
2008-05-27,97000043,4,7,15,24,41,49,30
2008-05-23,97000042,2,10,11,29,37,44,13
2008-05-20,97000041,8,14,17,42,45,47,39
2008-05-16,97000040,3,7,21,22,26,40,41
2008-05-13,97000039,11,31,37,38,41,47,18
2008-05-09,97000038,15,17,23,36,43,48,21
2008-05-06,97000037,9,10,15,23,46,48,38
2008-05-02,97000036,11,13,14,33,39,45,41
2008-04-29,97000035,2,3,11,32,35,42,18
2008-04-25,97000034,4,15,20,45,47,48,34
2008-04-22,97000033,10,15,31,36,44,49,7
2008-04-18,97000032,4,13,25,35,38,43,30
2008-04-15,97000031,13,20,32,33,43,47,28
2008-04-11,97000030,5,6,23,25,28,42,43
2008-04-08,97000029,11,23,29,32,37,39,31
2008-04-04,97000028,13,23,28,30,38,44,26
2008-04-01,97000027,8,16,24,25,32,33,12
2008-03-28,97000026,1,8,9,12,19,26,49
2008-03-25,97000025,2,3,5,13,33,49,10
2008-03-21,97000024,11,14,27,32,34,49,28
2008-03-18,97000023,1,9,27,33,38,49,31
2008-03-14,97000022,3,21,30,34,44,49,13
2008-03-11,97000021,7,8,21,30,36,44,4
2008-03-07,97000020,12,25,28,40,41,42,29
2008-03-04,97000019,1,15,22,25,38,47,16
2008-02-29,97000018,1,7,9,10,18,27,43
2008-02-26,97000017,6,16,33,37,40,47,28
2008-02-22,97000016,1,3,7,12,30,43,22
2008-02-19,97000015,16,22,26,31,39,43,9
2008-02-15,97000014,1,22,31,41,42,46,36
2008-02-12,97000013,5,12,19,22,25,27,29
2008-02-08,97000012,1,3,6,7,15,27,39
2008-02-05,97000011,17,29,30,33,35,42,10
2008-02-01,97000010,1,2,6,18,20,38,29
2008-01-29,97000009,21,34,38,41,42,49,25
2008-01-25,97000008,1,4,15,20,24,40,32
2008-01-22,97000007,9,13,14,26,30,37,5
2008-01-18,97000006,6,8,18,25,26,36,13
2008-01-15,97000005,5,8,10,31,32,41,11
2008-01-11,97000004,3,7,8,27,37,49,48
2008-01-08,97000003,3,7,12,17,28,44,36
2008-01-04,97000002,5,13,29,31,39,40,33
2008-01-01,97000001,13,18,27,43,47,48,21
2007-12-28,96000104,10,12,16,18,22,29,30
2007-12-25,96000103,5,6,9,18,31,37,32
2007-12-21,96000102,15,19,20,22,28,44,42
2007-12-18,96000101,4,7,13,19,23,49,17
2007-12-14,96000100,1,17,26,27,34,39,13
2007-12-11,96000099,10,15,16,20,27,43,19
2007-12-07,96000098,8,10,17,28,32,34,42
2007-12-04,96000097,1,16,31,38,43,44,42
2007-11-30,96000096,8,15,16,19,30,45,44
2007-11-27,96000095,8,12,16,34,36,47,33
2007-11-23,96000094,1,22,23,43,46,49,33
2007-11-20,96000093,1,16,17,20,22,42,29
2007-11-16,96000092,16,20,22,39,42,46,38
2007-11-13,96000091,3,5,16,17,32,37,24
2007-11-09,96000090,1,2,6,12,18,24,25
2007-11-06,96000089,1,10,27,40,43,44,2
2007-11-02,96000088,4,10,28,44,45,48,39
2007-10-30,96000087,1,4,9,17,19,41,7
2007-10-26,96000086,3,11,13,16,21,36,26
2007-10-23,96000085,10,25,29,34,47,49,17
2007-10-19,96000084,15,17,22,28,36,46,24
2007-10-16,96000083,5,7,11,18,38,40,31
2007-10-12,96000082,9,20,23,26,28,37,44
2007-10-09,96000081,9,36,38,40,46,47,13
2007-10-05,96000080,3,10,19,26,29,48,18
2007-10-02,96000079,3,4,8,9,24,49,23
2007-09-28,96000078,8,9,16,17,19,30,45
2007-09-25,96000077,8,10,12,28,38,42,33
2007-09-21,96000076,1,16,24,31,35,39,21
2007-09-18,96000075,20,25,29,31,37,46,49
2007-09-14,96000074,2,15,22,27,45,48,32
2007-09-11,96000073,3,14,18,22,28,36,47
2007-09-07,96000072,3,5,22,32,42,49,28
2007-09-04,96000071,9,17,18,21,42,48,7
2007-08-31,96000070,23,31,35,40,41,44,21
2007-08-28,96000069,2,11,22,29,34,39,45
2007-08-24,96000068,4,6,7,12,25,47,9
2007-08-21,96000067,16,24,25,38,42,46,6
2007-08-17,96000066,2,12,31,35,43,47,40
2007-08-14,96000065,2,5,12,25,26,38,6
2007-08-10,96000064,11,22,27,29,35,40,48
2007-08-07,96000063,1,5,18,25,35,41,14
2007-08-03,96000062,2,12,15,27,38,40,35
2007-07-31,96000061,1,6,7,25,39,41,5
2007-07-27,96000060,13,21,32,39,42,46,36
2007-07-24,96000059,1,7,12,22,29,31,4
2007-07-20,96000058,2,5,10,19,23,25,11
2007-07-17,96000057,15,29,37,39,48,49,46
2007-07-13,96000056,5,10,13,18,34,35,15
2007-07-10,96000055,2,29,34,40,44,45,1
2007-07-06,96000054,9,12,23,36,44,48,26
2007-07-03,96000053,1,5,9,21,24,49,35
2007-06-29,96000052,9,23,26,28,29,44,31
2007-06-26,96000051,18,24,37,38,43,47,2
2007-06-22,96000050,13,32,35,39,41,42,1
2007-06-19,96000049,20,28,33,41,43,45,10
2007-06-15,96000048,11,17,28,34,36,46,26
2007-06-12,96000047,3,5,20,38,39,44,43
2007-06-08,96000046,1,2,11,26,28,46,16
2007-06-05,96000045,1,16,23,25,36,47,21
2007-06-01,96000044,7,8,11,25,34,43,16
2007-05-29,96000043,10,15,18,43,45,48,11
2007-05-25,96000042,2,11,13,25,34,36,38
2007-05-22,96000041,1,18,30,32,41,48,24
2007-05-18,96000040,11,12,27,41,43,46,36
2007-05-15,96000039,13,31,35,40,47,48,39
2007-05-11,96000038,10,13,21,26,29,47,49
2007-05-08,96000037,1,16,27,28,41,46,38
2007-05-04,96000036,6,22,34,38,40,44,15
2007-05-01,96000035,21,24,28,34,45,49,46
2007-04-27,96000034,9,10,29,32,38,42,37
2007-04-24,96000033,8,20,22,25,38,40,41
2007-04-20,96000032,9,15,16,19,44,49,37
2007-04-17,96000031,8,31,40,44,45,48,6
2007-04-13,96000030,5,15,23,28,31,33,49
2007-04-10,96000029,2,4,6,20,42,47,39
2007-04-06,96000028,10,18,22,34,35,37,41
2007-04-03,96000027,4,10,39,43,45,49,33
2007-03-30,96000026,14,31,33,40,45,46,49
2007-03-27,96000025,4,11,21,39,42,43,10
2007-03-23,96000024,5,6,17,19,20,32,18
2007-03-20,96000023,14,15,25,37,47,49,13
2007-03-16,96000022,28,35,36,38,43,49,47
2007-03-13,96000021,4,13,22,24,26,41,28
2007-03-09,96000020,12,14,20,21,23,31,45
2007-03-06,96000019,2,15,16,31,33,46,40
2007-03-02,96000018,12,15,24,32,39,49,6
2007-02-27,96000017,6,22,36,39,48,49,28
2007-02-23,96000016,5,13,25,30,39,48,36
2007-02-20,96000015,1,13,19,33,38,45,36
2007-02-16,96000014,18,19,27,34,44,48,37
2007-02-13,96000013,2,8,25,39,43,46,13
2007-02-09,96000012,7,28,30,41,45,48,44
2007-02-06,96000011,12,16,26,32,41,48,1
2007-02-02,96000010,7,8,10,12,47,48,38
2007-01-30,96000009,6,18,26,39,42,45,14
2007-01-26,96000008,8,13,18,26,34,36,17
2007-01-23,96000007,6,7,15,31,36,44,29
2007-01-19,96000006,6,26,27,44,45,46,2
2007-01-16,96000005,13,28,33,38,43,48,4
2007-01-12,96000004,10,16,26,28,31,33,44
2007-01-09,96000003,26,28,35,39,44,45,18
2007-01-05,96000002,12,19,23,42,44,48,33
2007-01-02,96000001,13,21,23,27,31,49,19
